{
	"parent": "item/generated",
	"textures": {
		"layer0": "item/book"
	},
	
	"overrides": [
		{"predicate": {"custom_model_data":1}, "model": "custom/books/book_of_axes"},
		{"predicate": {"custom_model_data":2}, "model": "custom/books/book_of_bows"},
		{"predicate": {"custom_model_data":3}, "model": "custom/books/book_of_crossbows"},
		{"predicate": {"custom_model_data":4}, "model": "custom/books/book_of_pickaxes"},
		{"predicate": {"custom_model_data":5}, "model": "custom/books/book_of_swords"}
	]
}
