{
	"parent": "item/generated",
	"textures": {
		"layer0": "item/leather_horse_armor"
	},
	
	"overrides": [
    {
      "predicate": {
        "custom_model_data": 1
      },
      "model": "modelengine:xi_crate/lock"
    },
    {
      "predicate": {
        "custom_model_data": 2
      },
      "model": "modelengine:xi_crate/lid"
    },
    {
      "predicate": {
        "custom_model_data": 3
      },
      "model": "modelengine:xi_crate/lightbeam"
    },
    {
      "predicate": {
        "custom_model_data": 4
      },
      "model": "modelengine:xi_crate/item"
    },
    {
      "predicate": {
        "custom_model_data": 5
      },
      "model": "modelengine:xi_crate/body"
    },
    {
      "predicate": {
        "custom_model_data": 6
      },
      "model": "modelengine:anubis_dark_pet/left_foot"
    },
    {
      "predicate": {
        "custom_model_data": 7
      },
      "model": "modelengine:anubis_dark_pet/left_leg"
    },
    {
      "predicate": {
        "custom_model_data": 8
      },
      "model": "modelengine:anubis_dark_pet/right_foot"
    },
    {
      "predicate": {
        "custom_model_data": 9
      },
      "model": "modelengine:anubis_dark_pet/right_leg"
    },
    {
      "predicate": {
        "custom_model_data": 10
      },
      "model": "modelengine:anubis_dark_pet/left_hand"
    },
    {
      "predicate": {
        "custom_model_data": 11
      },
      "model": "modelengine:anubis_dark_pet/left_arm"
    },
    {
      "predicate": {
        "custom_model_data": 12
      },
      "model": "modelengine:anubis_dark_pet/staff2"
    },
    {
      "predicate": {
        "custom_model_data": 13
      },
      "model": "modelengine:anubis_dark_pet/right_hand"
    },
    {
      "predicate": {
        "custom_model_data": 14
      },
      "model": "modelengine:anubis_dark_pet/right_arm"
    },
    {
      "predicate": {
        "custom_model_data": 15
      },
      "model": "modelengine:anubis_dark_pet/head"
    },
    {
      "predicate": {
        "custom_model_data": 16
      },
      "model": "modelengine:anubis_dark_pet/torso"
    },
    {
      "predicate": {
        "custom_model_data": 17
      },
      "model": "modelengine:anubis_dark_pet/eye"
    },
    {
      "predicate": {
        "custom_model_data": 18
      },
      "model": "modelengine:anubis_pet/left_foot"
    },
    {
      "predicate": {
        "custom_model_data": 19
      },
      "model": "modelengine:anubis_pet/left_leg"
    },
    {
      "predicate": {
        "custom_model_data": 20
      },
      "model": "modelengine:anubis_pet/right_foot"
    },
    {
      "predicate": {
        "custom_model_data": 21
      },
      "model": "modelengine:anubis_pet/right_leg"
    },
    {
      "predicate": {
        "custom_model_data": 22
      },
      "model": "modelengine:anubis_pet/left_hand"
    },
    {
      "predicate": {
        "custom_model_data": 23
      },
      "model": "modelengine:anubis_pet/left_arm"
    },
    {
      "predicate": {
        "custom_model_data": 24
      },
      "model": "modelengine:anubis_pet/staff2"
    },
    {
      "predicate": {
        "custom_model_data": 25
      },
      "model": "modelengine:anubis_pet/right_hand"
    },
    {
      "predicate": {
        "custom_model_data": 26
      },
      "model": "modelengine:anubis_pet/right_arm"
    },
    {
      "predicate": {
        "custom_model_data": 27
      },
      "model": "modelengine:anubis_pet/head"
    },
    {
      "predicate": {
        "custom_model_data": 28
      },
      "model": "modelengine:anubis_pet/torso"
    },
    {
      "predicate": {
        "custom_model_data": 29
      },
      "model": "modelengine:anubis_pet_pillar/bottom"
    },
    {
      "predicate": {
        "custom_model_data": 30
      },
      "model": "modelengine:anubis_pet_pillar/pillar"
    },
    {
      "predicate": {
        "custom_model_data": 31
      },
      "model": "modelengine:anubis_pet_pillar/crystal"
    },
    {
      "predicate": {
        "custom_model_data": 32
      },
      "model": "modelengine:anubis_pet_pillar/base"
    },
    {
      "predicate": {
        "custom_model_data": 33
      },
      "model": "modelengine:bank/group"
    },
    {
      "predicate": {
        "custom_model_data": 34
      },
      "model": "modelengine:bank/bone"
    },
    {
      "predicate": {
        "custom_model_data": 35
      },
      "model": "modelengine:discord1/righth"
    },
    {
      "predicate": {
        "custom_model_data": 36
      },
      "model": "modelengine:discord1/lefth"
    },
    {
      "predicate": {
        "custom_model_data": 37
      },
      "model": "modelengine:discord1/body"
    },
    {
      "predicate": {
        "custom_model_data": 38
      },
      "model": "modelengine:discord1/list3"
    },
    {
      "predicate": {
        "custom_model_data": 39
      },
      "model": "modelengine:discord1/list2"
    },
    {
      "predicate": {
        "custom_model_data": 40
      },
      "model": "modelengine:discord1/list1"
    },
    {
      "predicate": {
        "custom_model_data": 41
      },
      "model": "modelengine:discord1/eyes"
    },
    {
      "predicate": {
        "custom_model_data": 42
      },
      "model": "modelengine:discord1/eyes2"
    },
    {
      "predicate": {
        "custom_model_data": 43
      },
      "model": "modelengine:discord1/head"
    },
    {
      "predicate": {
        "custom_model_data": 44
      },
      "model": "modelengine:discord1/leftl"
    },
    {
      "predicate": {
        "custom_model_data": 45
      },
      "model": "modelengine:discord1/rightl"
    },
    {
      "predicate": {
        "custom_model_data": 46
      },
      "model": "modelengine:discord2/handles"
    },
    {
      "predicate": {
        "custom_model_data": 47
      },
      "model": "modelengine:discord2/wingr"
    },
    {
      "predicate": {
        "custom_model_data": 48
      },
      "model": "modelengine:discord2/downr"
    },
    {
      "predicate": {
        "custom_model_data": 49
      },
      "model": "modelengine:discord2/topr"
    },
    {
      "predicate": {
        "custom_model_data": 50
      },
      "model": "modelengine:discord2/wingl"
    },
    {
      "predicate": {
        "custom_model_data": 51
      },
      "model": "modelengine:discord2/downl"
    },
    {
      "predicate": {
        "custom_model_data": 52
      },
      "model": "modelengine:discord2/topl"
    },
    {
      "predicate": {
        "custom_model_data": 53
      },
      "model": "modelengine:discord2/base"
    },
    {
      "predicate": {
        "custom_model_data": 54
      },
      "model": "modelengine:discord2/jetpack"
    },
    {
      "predicate": {
        "custom_model_data": 55
      },
      "model": "modelengine:discord2/righth"
    },
    {
      "predicate": {
        "custom_model_data": 56
      },
      "model": "modelengine:discord2/lefth"
    },
    {
      "predicate": {
        "custom_model_data": 57
      },
      "model": "modelengine:discord2/body"
    },
    {
      "predicate": {
        "custom_model_data": 58
      },
      "model": "modelengine:discord2/ears"
    },
    {
      "predicate": {
        "custom_model_data": 59
      },
      "model": "modelengine:discord2/helmet"
    },
    {
      "predicate": {
        "custom_model_data": 60
      },
      "model": "modelengine:discord2/eyes"
    },
    {
      "predicate": {
        "custom_model_data": 61
      },
      "model": "modelengine:discord2/eyes2"
    },
    {
      "predicate": {
        "custom_model_data": 62
      },
      "model": "modelengine:discord2/head"
    },
    {
      "predicate": {
        "custom_model_data": 63
      },
      "model": "modelengine:discord2/leftl"
    },
    {
      "predicate": {
        "custom_model_data": 64
      },
      "model": "modelengine:discord2/rightl"
    },
    {
      "predicate": {
        "custom_model_data": 65
      },
      "model": "modelengine:fisherman/right_foot"
    },
    {
      "predicate": {
        "custom_model_data": 66
      },
      "model": "modelengine:fisherman/right_leg"
    },
    {
      "predicate": {
        "custom_model_data": 67
      },
      "model": "modelengine:fisherman/right_hand"
    },
    {
      "predicate": {
        "custom_model_data": 68
      },
      "model": "modelengine:fisherman/right_forearm"
    },
    {
      "predicate": {
        "custom_model_data": 69
      },
      "model": "modelengine:fisherman/right_arm"
    },
    {
      "predicate": {
        "custom_model_data": 70
      },
      "model": "modelengine:fisherman/left_hand"
    },
    {
      "predicate": {
        "custom_model_data": 71
      },
      "model": "modelengine:fisherman/left_forearm"
    },
    {
      "predicate": {
        "custom_model_data": 72
      },
      "model": "modelengine:fisherman/left_arm"
    },
    {
      "predicate": {
        "custom_model_data": 73
      },
      "model": "modelengine:fisherman/left_foot"
    },
    {
      "predicate": {
        "custom_model_data": 74
      },
      "model": "modelengine:fisherman/left_leg"
    },
    {
      "predicate": {
        "custom_model_data": 75
      },
      "model": "modelengine:fisherman/head"
    },
    {
      "predicate": {
        "custom_model_data": 76
      },
      "model": "modelengine:fisherman/fisherman"
    },
    {
      "predicate": {
        "custom_model_data": 77
      },
      "model": "modelengine:lr_anubis/cheek_drape2"
    },
    {
      "predicate": {
        "custom_model_data": 78
      },
      "model": "modelengine:lr_anubis/cheek_drape1"
    },
    {
      "predicate": {
        "custom_model_data": 79
      },
      "model": "modelengine:lr_anubis/cheek_drape4"
    },
    {
      "predicate": {
        "custom_model_data": 80
      },
      "model": "modelengine:lr_anubis/cheek_drape3"
    },
    {
      "predicate": {
        "custom_model_data": 81
      },
      "model": "modelengine:lr_anubis/cape2"
    },
    {
      "predicate": {
        "custom_model_data": 82
      },
      "model": "modelengine:lr_anubis/cape1"
    },
    {
      "predicate": {
        "custom_model_data": 83
      },
      "model": "modelengine:lr_anubis/left_foot"
    },
    {
      "predicate": {
        "custom_model_data": 84
      },
      "model": "modelengine:lr_anubis/left_shin"
    },
    {
      "predicate": {
        "custom_model_data": 85
      },
      "model": "modelengine:lr_anubis/left_leg"
    },
    {
      "predicate": {
        "custom_model_data": 86
      },
      "model": "modelengine:lr_anubis/right_foot"
    },
    {
      "predicate": {
        "custom_model_data": 87
      },
      "model": "modelengine:lr_anubis/right_shin"
    },
    {
      "predicate": {
        "custom_model_data": 88
      },
      "model": "modelengine:lr_anubis/right_leg"
    },
    {
      "predicate": {
        "custom_model_data": 89
      },
      "model": "modelengine:lr_anubis/pelvis_drape2"
    },
    {
      "predicate": {
        "custom_model_data": 90
      },
      "model": "modelengine:lr_anubis/pelvis_drape1"
    },
    {
      "predicate": {
        "custom_model_data": 91
      },
      "model": "modelengine:lr_anubis/left_hand"
    },
    {
      "predicate": {
        "custom_model_data": 92
      },
      "model": "modelengine:lr_anubis/arm_drape3"
    },
    {
      "predicate": {
        "custom_model_data": 93
      },
      "model": "modelengine:lr_anubis/arm_drape2"
    },
    {
      "predicate": {
        "custom_model_data": 94
      },
      "model": "modelengine:lr_anubis/arm_drape1"
    },
    {
      "predicate": {
        "custom_model_data": 95
      },
      "model": "modelengine:lr_anubis/left_forearm"
    },
    {
      "predicate": {
        "custom_model_data": 96
      },
      "model": "modelengine:lr_anubis/left_arm"
    },
    {
      "predicate": {
        "custom_model_data": 97
      },
      "model": "modelengine:lr_anubis/staff"
    },
    {
      "predicate": {
        "custom_model_data": 98
      },
      "model": "modelengine:lr_anubis/right_hand"
    },
    {
      "predicate": {
        "custom_model_data": 99
      },
      "model": "modelengine:lr_anubis/arm_drape6"
    },
    {
      "predicate": {
        "custom_model_data": 100
      },
      "model": "modelengine:lr_anubis/arm_drape5"
    },
    {
      "predicate": {
        "custom_model_data": 101
      },
      "model": "modelengine:lr_anubis/arm_drape4"
    },
    {
      "predicate": {
        "custom_model_data": 102
      },
      "model": "modelengine:lr_anubis/right_forearm"
    },
    {
      "predicate": {
        "custom_model_data": 103
      },
      "model": "modelengine:lr_anubis/right_arm"
    },
    {
      "predicate": {
        "custom_model_data": 104
      },
      "model": "modelengine:lr_anubis/ears"
    },
    {
      "predicate": {
        "custom_model_data": 105
      },
      "model": "modelengine:lr_anubis/head"
    },
    {
      "predicate": {
        "custom_model_data": 106
      },
      "model": "modelengine:lr_anubis/neck"
    },
    {
      "predicate": {
        "custom_model_data": 107
      },
      "model": "modelengine:lr_anubis/torso"
    },
    {
      "predicate": {
        "custom_model_data": 108
      },
      "model": "modelengine:lr_anubis/eye"
    },
    {
      "predicate": {
        "custom_model_data": 109
      },
      "model": "modelengine:lr_anubis_groundbreak/rock1"
    },
    {
      "predicate": {
        "custom_model_data": 110
      },
      "model": "modelengine:lr_anubis_groundbreak/rock2"
    },
    {
      "predicate": {
        "custom_model_data": 111
      },
      "model": "modelengine:lr_anubis_groundbreak/rock3"
    },
    {
      "predicate": {
        "custom_model_data": 112
      },
      "model": "modelengine:lr_anubis_groundbreak/rock4"
    },
    {
      "predicate": {
        "custom_model_data": 113
      },
      "model": "modelengine:lr_anubis_mummy/cloth2"
    },
    {
      "predicate": {
        "custom_model_data": 114
      },
      "model": "modelengine:lr_anubis_mummy/cloth"
    },
    {
      "predicate": {
        "custom_model_data": 115
      },
      "model": "modelengine:lr_anubis_mummy/bandage4"
    },
    {
      "predicate": {
        "custom_model_data": 116
      },
      "model": "modelengine:lr_anubis_mummy/bandage3"
    },
    {
      "predicate": {
        "custom_model_data": 117
      },
      "model": "modelengine:lr_anubis_mummy/bandage2"
    },
    {
      "predicate": {
        "custom_model_data": 118
      },
      "model": "modelengine:lr_anubis_mummy/bandage"
    },
    {
      "predicate": {
        "custom_model_data": 119
      },
      "model": "modelengine:lr_anubis_mummy/head"
    },
    {
      "predicate": {
        "custom_model_data": 120
      },
      "model": "modelengine:lr_anubis_mummy/left_foot"
    },
    {
      "predicate": {
        "custom_model_data": 121
      },
      "model": "modelengine:lr_anubis_mummy/left_shin"
    },
    {
      "predicate": {
        "custom_model_data": 122
      },
      "model": "modelengine:lr_anubis_mummy/left_leg"
    },
    {
      "predicate": {
        "custom_model_data": 123
      },
      "model": "modelengine:lr_anubis_mummy/right_foot"
    },
    {
      "predicate": {
        "custom_model_data": 124
      },
      "model": "modelengine:lr_anubis_mummy/right_shin"
    },
    {
      "predicate": {
        "custom_model_data": 125
      },
      "model": "modelengine:lr_anubis_mummy/right_leg"
    },
    {
      "predicate": {
        "custom_model_data": 126
      },
      "model": "modelengine:lr_anubis_mummy/left_forearm"
    },
    {
      "predicate": {
        "custom_model_data": 127
      },
      "model": "modelengine:lr_anubis_mummy/left_arm"
    },
    {
      "predicate": {
        "custom_model_data": 128
      },
      "model": "modelengine:lr_anubis_mummy/right_forearm"
    },
    {
      "predicate": {
        "custom_model_data": 129
      },
      "model": "modelengine:lr_anubis_mummy/right_arm"
    },
    {
      "predicate": {
        "custom_model_data": 130
      },
      "model": "modelengine:lr_anubis_mummy/torso"
    },
    {
      "predicate": {
        "custom_model_data": 131
      },
      "model": "modelengine:lr_anubis_obelisk/pillar1"
    },
    {
      "predicate": {
        "custom_model_data": 132
      },
      "model": "modelengine:lr_anubis_obelisk/pillar2"
    },
    {
      "predicate": {
        "custom_model_data": 133
      },
      "model": "modelengine:lr_anubis_obelisk/crystal"
    },
    {
      "predicate": {
        "custom_model_data": 134
      },
      "model": "modelengine:lr_anubis_obelisk/base"
    },
    {
      "predicate": {
        "custom_model_data": 135
      },
      "model": "modelengine:lr_anubis_parts/cheek_drape2"
    },
    {
      "predicate": {
        "custom_model_data": 136
      },
      "model": "modelengine:lr_anubis_parts/cheek_drape1"
    },
    {
      "predicate": {
        "custom_model_data": 137
      },
      "model": "modelengine:lr_anubis_parts/cheek_drape4"
    },
    {
      "predicate": {
        "custom_model_data": 138
      },
      "model": "modelengine:lr_anubis_parts/cheek_drape3"
    },
    {
      "predicate": {
        "custom_model_data": 139
      },
      "model": "modelengine:lr_anubis_parts/cape2"
    },
    {
      "predicate": {
        "custom_model_data": 140
      },
      "model": "modelengine:lr_anubis_parts/cape1"
    },
    {
      "predicate": {
        "custom_model_data": 141
      },
      "model": "modelengine:lr_anubis_parts/left_foot"
    },
    {
      "predicate": {
        "custom_model_data": 142
      },
      "model": "modelengine:lr_anubis_parts/left_shin"
    },
    {
      "predicate": {
        "custom_model_data": 143
      },
      "model": "modelengine:lr_anubis_parts/left_leg"
    },
    {
      "predicate": {
        "custom_model_data": 144
      },
      "model": "modelengine:lr_anubis_parts/right_foot"
    },
    {
      "predicate": {
        "custom_model_data": 145
      },
      "model": "modelengine:lr_anubis_parts/right_shin"
    },
    {
      "predicate": {
        "custom_model_data": 146
      },
      "model": "modelengine:lr_anubis_parts/right_leg"
    },
    {
      "predicate": {
        "custom_model_data": 147
      },
      "model": "modelengine:lr_anubis_parts/pelvis_drape2"
    },
    {
      "predicate": {
        "custom_model_data": 148
      },
      "model": "modelengine:lr_anubis_parts/pelvis_drape1"
    },
    {
      "predicate": {
        "custom_model_data": 149
      },
      "model": "modelengine:lr_anubis_parts/left_hand"
    },
    {
      "predicate": {
        "custom_model_data": 150
      },
      "model": "modelengine:lr_anubis_parts/arm_drape3"
    },
    {
      "predicate": {
        "custom_model_data": 151
      },
      "model": "modelengine:lr_anubis_parts/arm_drape2"
    },
    {
      "predicate": {
        "custom_model_data": 152
      },
      "model": "modelengine:lr_anubis_parts/arm_drape1"
    },
    {
      "predicate": {
        "custom_model_data": 153
      },
      "model": "modelengine:lr_anubis_parts/left_forearm"
    },
    {
      "predicate": {
        "custom_model_data": 154
      },
      "model": "modelengine:lr_anubis_parts/left_arm"
    },
    {
      "predicate": {
        "custom_model_data": 155
      },
      "model": "modelengine:lr_anubis_parts/staff"
    },
    {
      "predicate": {
        "custom_model_data": 156
      },
      "model": "modelengine:lr_anubis_parts/right_hand"
    },
    {
      "predicate": {
        "custom_model_data": 157
      },
      "model": "modelengine:lr_anubis_parts/arm_drape6"
    },
    {
      "predicate": {
        "custom_model_data": 158
      },
      "model": "modelengine:lr_anubis_parts/arm_drape5"
    },
    {
      "predicate": {
        "custom_model_data": 159
      },
      "model": "modelengine:lr_anubis_parts/arm_drape4"
    },
    {
      "predicate": {
        "custom_model_data": 160
      },
      "model": "modelengine:lr_anubis_parts/right_forearm"
    },
    {
      "predicate": {
        "custom_model_data": 161
      },
      "model": "modelengine:lr_anubis_parts/right_arm"
    },
    {
      "predicate": {
        "custom_model_data": 162
      },
      "model": "modelengine:lr_anubis_parts/ears"
    },
    {
      "predicate": {
        "custom_model_data": 163
      },
      "model": "modelengine:lr_anubis_parts/head"
    },
    {
      "predicate": {
        "custom_model_data": 164
      },
      "model": "modelengine:lr_anubis_parts/neck"
    },
    {
      "predicate": {
        "custom_model_data": 165
      },
      "model": "modelengine:lr_anubis_parts/torso"
    },
    {
      "predicate": {
        "custom_model_data": 166
      },
      "model": "modelengine:lr_anubis_parts/cheek_drape6"
    },
    {
      "predicate": {
        "custom_model_data": 167
      },
      "model": "modelengine:lr_anubis_parts/cheek_drape5"
    },
    {
      "predicate": {
        "custom_model_data": 168
      },
      "model": "modelengine:lr_anubis_parts/cheek_drape8"
    },
    {
      "predicate": {
        "custom_model_data": 169
      },
      "model": "modelengine:lr_anubis_parts/cheek_drape7"
    },
    {
      "predicate": {
        "custom_model_data": 170
      },
      "model": "modelengine:lr_anubis_parts/cape4"
    },
    {
      "predicate": {
        "custom_model_data": 171
      },
      "model": "modelengine:lr_anubis_parts/cape3"
    },
    {
      "predicate": {
        "custom_model_data": 172
      },
      "model": "modelengine:lr_anubis_parts/left_foot2"
    },
    {
      "predicate": {
        "custom_model_data": 173
      },
      "model": "modelengine:lr_anubis_parts/left_shin2"
    },
    {
      "predicate": {
        "custom_model_data": 174
      },
      "model": "modelengine:lr_anubis_parts/left_leg2"
    },
    {
      "predicate": {
        "custom_model_data": 175
      },
      "model": "modelengine:lr_anubis_parts/right_foot2"
    },
    {
      "predicate": {
        "custom_model_data": 176
      },
      "model": "modelengine:lr_anubis_parts/right_shin2"
    },
    {
      "predicate": {
        "custom_model_data": 177
      },
      "model": "modelengine:lr_anubis_parts/right_leg2"
    },
    {
      "predicate": {
        "custom_model_data": 178
      },
      "model": "modelengine:lr_anubis_parts/pelvis_drape4"
    },
    {
      "predicate": {
        "custom_model_data": 179
      },
      "model": "modelengine:lr_anubis_parts/pelvis_drape3"
    },
    {
      "predicate": {
        "custom_model_data": 180
      },
      "model": "modelengine:lr_anubis_parts/left_hand2"
    },
    {
      "predicate": {
        "custom_model_data": 181
      },
      "model": "modelengine:lr_anubis_parts/arm_drape9"
    },
    {
      "predicate": {
        "custom_model_data": 182
      },
      "model": "modelengine:lr_anubis_parts/arm_drape8"
    },
    {
      "predicate": {
        "custom_model_data": 183
      },
      "model": "modelengine:lr_anubis_parts/arm_drape7"
    },
    {
      "predicate": {
        "custom_model_data": 184
      },
      "model": "modelengine:lr_anubis_parts/left_forearm2"
    },
    {
      "predicate": {
        "custom_model_data": 185
      },
      "model": "modelengine:lr_anubis_parts/left_arm2"
    },
    {
      "predicate": {
        "custom_model_data": 186
      },
      "model": "modelengine:lr_anubis_parts/staff2"
    },
    {
      "predicate": {
        "custom_model_data": 187
      },
      "model": "modelengine:lr_anubis_parts/right_hand2"
    },
    {
      "predicate": {
        "custom_model_data": 188
      },
      "model": "modelengine:lr_anubis_parts/arm_drape12"
    },
    {
      "predicate": {
        "custom_model_data": 189
      },
      "model": "modelengine:lr_anubis_parts/arm_drape11"
    },
    {
      "predicate": {
        "custom_model_data": 190
      },
      "model": "modelengine:lr_anubis_parts/arm_drape10"
    },
    {
      "predicate": {
        "custom_model_data": 191
      },
      "model": "modelengine:lr_anubis_parts/right_forearm2"
    },
    {
      "predicate": {
        "custom_model_data": 192
      },
      "model": "modelengine:lr_anubis_parts/right_arm2"
    },
    {
      "predicate": {
        "custom_model_data": 193
      },
      "model": "modelengine:lr_anubis_parts/ears2"
    },
    {
      "predicate": {
        "custom_model_data": 194
      },
      "model": "modelengine:lr_anubis_parts/head2"
    },
    {
      "predicate": {
        "custom_model_data": 195
      },
      "model": "modelengine:lr_anubis_parts/neck2"
    },
    {
      "predicate": {
        "custom_model_data": 196
      },
      "model": "modelengine:lr_anubis_parts/torso2"
    },
    {
      "predicate": {
        "custom_model_data": 197
      },
      "model": "modelengine:lr_anubis_parts/eye"
    },
    {
      "predicate": {
        "custom_model_data": 198
      },
      "model": "modelengine:lr_anubis_souls/soul1"
    },
    {
      "predicate": {
        "custom_model_data": 199
      },
      "model": "modelengine:lr_anubis_souls/soul2"
    },
    {
      "predicate": {
        "custom_model_data": 200
      },
      "model": "modelengine:lr_anubis_souls/soul3"
    },
    {
      "predicate": {
        "custom_model_data": 201
      },
      "model": "modelengine:lr_anubis_souls/soul4"
    },
    {
      "predicate": {
        "custom_model_data": 202
      },
      "model": "modelengine:lr_tinkerer/backpack"
    },
    {
      "predicate": {
        "custom_model_data": 203
      },
      "model": "modelengine:lr_tinkerer/left_hand"
    },
    {
      "predicate": {
        "custom_model_data": 204
      },
      "model": "modelengine:lr_tinkerer/left_arm"
    },
    {
      "predicate": {
        "custom_model_data": 205
      },
      "model": "modelengine:lr_tinkerer/right_hand"
    },
    {
      "predicate": {
        "custom_model_data": 206
      },
      "model": "modelengine:lr_tinkerer/right_arm"
    },
    {
      "predicate": {
        "custom_model_data": 207
      },
      "model": "modelengine:lr_tinkerer/left_foot"
    },
    {
      "predicate": {
        "custom_model_data": 208
      },
      "model": "modelengine:lr_tinkerer/left_leg"
    },
    {
      "predicate": {
        "custom_model_data": 209
      },
      "model": "modelengine:lr_tinkerer/right_foot"
    },
    {
      "predicate": {
        "custom_model_data": 210
      },
      "model": "modelengine:lr_tinkerer/right_leg"
    },
    {
      "predicate": {
        "custom_model_data": 211
      },
      "model": "modelengine:lr_tinkerer/head"
    },
    {
      "predicate": {
        "custom_model_data": 212
      },
      "model": "modelengine:lr_tinkerer/torso"
    },
    {
      "predicate": {
        "custom_model_data": 213
      },
      "model": "modelengine:lr_tinkerer_robot/head"
    },
    {
      "predicate": {
        "custom_model_data": 214
      },
      "model": "modelengine:lr_tinkerer_robot/leg1_2"
    },
    {
      "predicate": {
        "custom_model_data": 215
      },
      "model": "modelengine:lr_tinkerer_robot/leg1_1"
    },
    {
      "predicate": {
        "custom_model_data": 216
      },
      "model": "modelengine:lr_tinkerer_robot/leg1_4"
    },
    {
      "predicate": {
        "custom_model_data": 217
      },
      "model": "modelengine:lr_tinkerer_robot/leg1_3"
    },
    {
      "predicate": {
        "custom_model_data": 218
      },
      "model": "modelengine:lr_tinkerer_robot/leg1_6"
    },
    {
      "predicate": {
        "custom_model_data": 219
      },
      "model": "modelengine:lr_tinkerer_robot/leg1_5"
    },
    {
      "predicate": {
        "custom_model_data": 220
      },
      "model": "modelengine:lr_tinkerer_robot/leg1_8"
    },
    {
      "predicate": {
        "custom_model_data": 221
      },
      "model": "modelengine:lr_tinkerer_robot/leg1_7"
    },
    {
      "predicate": {
        "custom_model_data": 222
      },
      "model": "modelengine:nocsy_otter_v2/tail"
    },
    {
      "predicate": {
        "custom_model_data": 223
      },
      "model": "modelengine:nocsy_otter_v2/head"
    },
    {
      "predicate": {
        "custom_model_data": 224
      },
      "model": "modelengine:nocsy_otter_v2/front_leg_left"
    },
    {
      "predicate": {
        "custom_model_data": 225
      },
      "model": "modelengine:nocsy_otter_v2/front_leg_right"
    },
    {
      "predicate": {
        "custom_model_data": 226
      },
      "model": "modelengine:nocsy_otter_v2/back_leg_left"
    },
    {
      "predicate": {
        "custom_model_data": 227
      },
      "model": "modelengine:nocsy_otter_v2/back_leg_right"
    },
    {
      "predicate": {
        "custom_model_data": 228
      },
      "model": "modelengine:nocsy_otter_v2/body"
    },
    {
      "predicate": {
        "custom_model_data": 229
      },
      "model": "modelengine:slimy_crate/vine1"
    },
    {
      "predicate": {
        "custom_model_data": 230
      },
      "model": "modelengine:slimy_crate/vine2"
    },
    {
      "predicate": {
        "custom_model_data": 231
      },
      "model": "modelengine:slimy_crate/lid"
    },
    {
      "predicate": {
        "custom_model_data": 232
      },
      "model": "modelengine:slimy_crate/vine_bottom2"
    },
    {
      "predicate": {
        "custom_model_data": 233
      },
      "model": "modelengine:slimy_crate/vine_bottom"
    },
    {
      "predicate": {
        "custom_model_data": 234
      },
      "model": "modelengine:slimy_crate/drop"
    },
    {
      "predicate": {
        "custom_model_data": 235
      },
      "model": "modelengine:slimy_crate/item"
    },
    {
      "predicate": {
        "custom_model_data": 236
      },
      "model": "modelengine:slimy_crate/lightbeam"
    },
    {
      "predicate": {
        "custom_model_data": 237
      },
      "model": "modelengine:slimy_crate/body"
    },
    {
      "predicate": {
        "custom_model_data": 238
      },
      "model": "modelengine:slimy_crate/slime_ground"
    },
    {
      "predicate": {
        "custom_model_data": 239
      },
      "model": "modelengine:soulknight_crate/chain_left"
    },
    {
      "predicate": {
        "custom_model_data": 240
      },
      "model": "modelengine:soulknight_crate/chain_right"
    },
    {
      "predicate": {
        "custom_model_data": 241
      },
      "model": "modelengine:soulknight_crate/skull_up"
    },
    {
      "predicate": {
        "custom_model_data": 242
      },
      "model": "modelengine:soulknight_crate/lid"
    },
    {
      "predicate": {
        "custom_model_data": 243
      },
      "model": "modelengine:soulknight_crate/lightbeam"
    },
    {
      "predicate": {
        "custom_model_data": 244
      },
      "model": "modelengine:soulknight_crate/item"
    },
    {
      "predicate": {
        "custom_model_data": 245
      },
      "model": "modelengine:soulknight_crate/skull_bot"
    },
    {
      "predicate": {
        "custom_model_data": 246
      },
      "model": "modelengine:soulknight_crate/body"
    },
		{"predicate": {"custom_model_data":100001}, "model": "custom/cosmetics/owlsdev/ballon"},
		{"predicate": {"custom_model_data":100002}, "model": "custom/cosmetics/owlsdev/light_saber"},
		{"predicate": {"custom_model_data":100003}, "model": "custom/cosmetics/owlsdev/donut_balloon"},
		{"predicate": {"custom_model_data":100004}, "model": "custom/cosmetics/owlsdev/heart_balloon"},
		{"predicate": {"custom_model_data":100005}, "model": "custom/ui/owlsdev/color"},
		{"predicate": {"custom_model_data":100006}, "model": "custom/cosmetics/owlsdev/baby_yoda_carrier"},
		{"predicate": {"custom_model_data":100007}, "model": "custom/cosmetics/owlsdev/angel_wings"},
		{"predicate": {"custom_model_data":100008}, "model": "custom/cosmetics/owlsdev/spider_legs"},
		{"predicate": {"custom_model_data":100009}, "model": "custom/cosmetics/owlsdev/baseball_cap"},
		{"predicate": {"custom_model_data":1000010}, "model": "custom/cosmetics/owlsdev/backpack_bird"},
		{"predicate": {"custom_model_data":1000011}, "model": "custom/cosmetics/owlsdev/samurai_swords"},
		{"predicate": {"custom_model_data":1000012}, "model": "custom/cosmetics/owlsdev/kraken_seafoam"},
		{"predicate": {"custom_model_data":1000013}, "model": "custom/cosmetics/owlsdev/shark_head"},
		{"predicate": {"custom_model_data":1000014}, "model": "custom/cosmetics/owlsdev/witch_cauldron"},
		{"predicate": {"custom_model_data":1000015}, "model": "custom/cosmetics/owlsdev/dragon_balloon"},
		{"predicate": {"custom_model_data":1000016}, "model": "custom/cosmetics/owlsdev/axolotl_hat"},
		{"predicate": {"custom_model_data":1000017}, "model": "custom/cosmetics/owlsdev/bunny_balloon"},
		{"predicate": {"custom_model_data":1000018}, "model": "custom/cosmetics/owlsdev/foam_finger"},
		{"predicate": {"custom_model_data":1000019}, "model": "custom/cosmetics/owlsdev/marshmallow_stick"},
		{"predicate": {"custom_model_data":1000020}, "model": "custom/cosmetics/owlsdev/pirate_chest"},
		{"predicate": {"custom_model_data":1000021}, "model": "custom/cosmetics/owlsdev/potion_balloon"},
		{"predicate": {"custom_model_data":1000022}, "model": "custom/cosmetics/owlsdev/western_hat"},
		{"predicate": {"custom_model_data":1000023}, "model": "custom/cosmetics/owlsdev/tiger_lantern"},
		{"predicate": {"custom_model_data":1000024}, "model": "custom/cosmetics/owlsdev/lantern"},
		{"predicate": {"custom_model_data":1000025}, "model": "custom/cosmetics/owlsdev/light_saber_solo"},
		{"predicate": {"custom_model_data":1000026}, "model": "custom/cosmetics/owlsdev/rainbow_balloon"},
		{"predicate": {"custom_model_data":1000027}, "model": "custom/cosmetics/owlsdev/vr_hat"},
		{"predicate": {"custom_model_data":1000028}, "model": "custom/cosmetics/owlsdev/unicorn_hat"},
		{"predicate": {"custom_model_data":1000029}, "model": "custom/cosmetics/owlsdev/samurai_sword"},
		{"predicate": {"custom_model_data":1000030}, "model": "custom/cosmetics/owlsdev/phoenix_wings"},
		{"predicate": {"custom_model_data":1000031}, "model": "custom/cosmetics/owlsdev/light_saber_ren"},
		{"predicate": {"custom_model_data":1000032}, "model": "custom/cosmetics/owlsdev/back_pack"},
		{"predicate": {"custom_model_data":1000033}, "model": "custom/cosmetics/owlsdev/mushroom_cap"},
		{"predicate": {"custom_model_data":1000034}, "model": "custom/cosmetics/owlsdev/basic_kite"},
		{"predicate": {"custom_model_data":1000035}, "model": "custom/cosmetics/owlsdev/traveller_pack"},
		{"predicate": {"custom_model_data":1000036}, "model": "custom/cosmetics/owlsdev/suit_case"},
		{"predicate": {"custom_model_data":1000037}, "model": "custom/cosmetics/owlsdev/travel_case"},
		{"predicate": {"custom_model_data":1000038}, "model": "custom/cosmetics/owlsdev/dragon_wings"},
		{"predicate": {"custom_model_data":1000039}, "model": "custom/cosmetics/owlsdev/golden_anvil"},
		{"predicate": {"custom_model_data":1000040}, "model": "custom/cosmetics/owlsdev/sussy_helmet"},
		{"predicate": {"custom_model_data":1000041}, "model": "custom/cosmetics/owlsdev/crocodile_spear"},
		{"predicate": {"custom_model_data":1000042}, "model": "custom/cosmetics/owlsdev/dealwithit"},
		{"predicate": {"custom_model_data":1000043}, "model": "custom/cosmetics/owlsdev/cat_ears_hat"},
		{"predicate": {"custom_model_data":1000044}, "model": "custom/cosmetics/owlsdev/xwing"},
		{"predicate": {"custom_model_data":1000045}, "model": "custom/cosmetics/owlsdev/tv_helmet"},
		{"predicate": {"custom_model_data":1000046}, "model": "custom/cosmetics/owlsdev/butterfly"},
		{"predicate": {"custom_model_data":1000047}, "model": "custom/cosmetics/owlsdev/surf_board"},
		{"predicate": {"custom_model_data":1000048}, "model": "custom/cosmetics/owlsdev/witch_hat"},
		{"predicate": {"custom_model_data":1000049}, "model": "custom/cosmetics/owlsdev/nautical_tentacles"},
		{"predicate": {"custom_model_data":10000100}, "model": "custom/cosmetics/owlsdev/teddy"}
	]
}