{
  "parent": "minecraft:item/handheld",
  "textures": {
    "layer0": "minecraft:item/netherite_sword"
    },
    "overrides": [
        { "predicate": {"custom_model_data": 1}, "model": "custom/skins/owlsdev/moon_sword"},
        { "predicate": {"custom_model_data": 2}, "model": "custom/skins/owlsdev/pulse_sword"},
	{ "predicate": {"custom_model_data": 3}, "model": "custom/skins/owlsdev/valentine_cupids_armory/cupids_greatsword"},
	{ "predicate": {"custom_model_data": 4}, "model": "custom/skins/owlsdev/valentine_cupids_armory/cupids_shortsword"},
	{ "predicate": {"custom_model_data": 5}, "model": "custom/skins/owlsdev/payback/sword_blood"},
	{ "predicate": {"custom_model_data": 6}, "model": "custom/skins/owlsdev/darksaber"}
    ]
}