{
	"parent": "item/generated",
	"textures": {
		"layer0": "item/paper"
	},
	
	"overrides": [
		{"predicate": {"custom_model_data":1}, "model": "custom/keys/cosmetic_key"},
		{"predicate": {"custom_model_data":2}, "model": "custom/keys/titles_key"},
		{"predicate": {"custom_model_data":3}, "model": "custom/keys/donate_key"},
		{"predicate": {"custom_model_data":11}, "model": "custom/cosmo_tokens/common_hat_token"},
		{"predicate": {"custom_model_data":12}, "model": "custom/cosmo_tokens/rare_hat_token"},
		{"predicate": {"custom_model_data":13}, "model": "custom/cosmo_tokens/epic_hat_token"},
		{"predicate": {"custom_model_data":14}, "model": "custom/cosmo_tokens/legendary_hat_token"},
		{"predicate": {"custom_model_data":15}, "model": "custom/cosmo_tokens/limited_hat_token"},
		{"predicate": {"custom_model_data":21}, "model": "custom/cosmo_tokens/common_back_token"},
		{"predicate": {"custom_model_data":22}, "model": "custom/cosmo_tokens/rare_back_token"},
		{"predicate": {"custom_model_data":23}, "model": "custom/cosmo_tokens/epic_back_token"},
		{"predicate": {"custom_model_data":24}, "model": "custom/cosmo_tokens/legendary_back_token"},
		{"predicate": {"custom_model_data":25}, "model": "custom/cosmo_tokens/limited_back_token"},
		{"predicate": {"custom_model_data":31}, "model": "custom/cosmo_tokens/common_hand_token"},
		{"predicate": {"custom_model_data":32}, "model": "custom/cosmo_tokens/rare_hand_token"},
		{"predicate": {"custom_model_data":33}, "model": "custom/cosmo_tokens/epic_hand_token"},
		{"predicate": {"custom_model_data":34}, "model": "custom/cosmo_tokens/legendary_hand_token"},
		{"predicate": {"custom_model_data":35}, "model": "custom/cosmo_tokens/limited_hand_token"},
		{"predicate": {"custom_model_data":41}, "model": "custom/cosmo_tokens/common_balloon_token"},
		{"predicate": {"custom_model_data":42}, "model": "custom/cosmo_tokens/rare_balloon_token"},
		{"predicate": {"custom_model_data":43}, "model": "custom/cosmo_tokens/epic_balloon_token"},
		{"predicate": {"custom_model_data":44}, "model": "custom/cosmo_tokens/legendary_balloon_token"},
		{"predicate": {"custom_model_data":45}, "model": "custom/cosmo_tokens/limited_balloon_token"},
		{"predicate": {"custom_model_data":101}, "model": "custom/drawings/drawing_common"},
		{"predicate": {"custom_model_data":102}, "model": "custom/drawings/drawing_special"},
		{"predicate": {"custom_model_data":103}, "model": "custom/drawings/drawing_legendary"}
	]
}
