{"textures":{"0":"modelengine:entity/ruby_exchange_sign"},"elements":[{"name":"cube","from":[-1.0600004,8.719999,3.1399996],"to":[-12.9400015,2.8399997,-8.740001],"rotation":{"angle":0.0,"axis":"x","origin":[8.0,8.0,8.0]},"faces":{"down":{"uv":[0.0,0.0,0.0,0.0],"rotation":0,"texture":"#0","tintindex":0},"east":{"uv":[10.0,4.0,15.0,6.5],"rotation":180,"texture":"#0","tintindex":0},"north":{"uv":[10.0,4.0,15.0,6.5],"rotation":180,"texture":"#0","tintindex":0},"south":{"uv":[10.0,4.0,15.0,6.5],"rotation":180,"texture":"#0","tintindex":0},"up":{"uv":[0.0,0.0,0.0,0.0],"rotation":0,"texture":"#0","tintindex":0},"west":{"uv":[10.0,4.0,15.0,6.5],"rotation":180,"texture":"#0","tintindex":0}}}],"display":{"head":{"translation":[0.0,-6.4,0.0],"rotation":[0.0,0.0,0.0],"scale":[3.8095,3.8095,3.8095]}}}