{"textures":{"0":"modelengine:entity/ruby_exchange_sign"},"elements":[{"name":"cube","from":[-13.569999,10.4,-11.200001],"to":[3.2300014,17.6,5.6],"rotation":{"angle":0.0,"axis":"x","origin":[-4.5699987,9.8,-6.4000006]},"faces":{"down":{"uv":[0.0,0.0,0.0,0.0],"rotation":0,"texture":"#0","tintindex":0},"east":{"uv":[0.0,0.0,7.0,3.0],"rotation":0,"texture":"#0","tintindex":0},"north":{"uv":[7.0625,0.0,14.0625,3.0],"rotation":0,"texture":"#0","tintindex":0},"south":{"uv":[7.0625,0.0,14.0625,3.0],"rotation":0,"texture":"#0","tintindex":0},"up":{"uv":[0.0,0.0,0.0,0.0],"rotation":0,"texture":"#0","tintindex":0},"west":{"uv":[0.0,0.0,7.0,3.0],"rotation":0,"texture":"#0","tintindex":0}}},{"name":"cube","from":[-15.969997,9.2,-13.600001],"to":[5.6300015,10.4,8.0],"rotation":{"angle":0.0,"axis":"x","origin":[-6.9699984,8.6,-8.8]},"faces":{"down":{"uv":[0.0,4.0,9.0,13.0],"rotation":90,"texture":"#0","tintindex":0},"east":{"uv":[0.0,3.0,9.0,3.5],"rotation":0,"texture":"#0","tintindex":0},"north":{"uv":[0.0,3.0,9.0,3.5],"rotation":0,"texture":"#0","tintindex":0},"south":{"uv":[0.0,3.0,9.0,3.5],"rotation":0,"texture":"#0","tintindex":0},"up":{"uv":[0.0,4.0,9.0,13.0],"rotation":0,"texture":"#0","tintindex":0},"west":{"uv":[0.0,3.0,9.0,3.5],"rotation":0,"texture":"#0","tintindex":0}}},{"name":"cube","from":[-15.969997,17.6,-13.600001],"to":[5.6300015,18.8,8.0],"rotation":{"angle":0.0,"axis":"x","origin":[-6.9699984,17.0,-8.8]},"faces":{"down":{"uv":[0.0,4.0,9.0,13.0],"rotation":90,"texture":"#0","tintindex":0},"east":{"uv":[0.0,3.0,9.0,3.5],"rotation":0,"texture":"#0","tintindex":0},"north":{"uv":[0.0,3.0,9.0,3.5],"rotation":0,"texture":"#0","tintindex":0},"south":{"uv":[0.0,3.0,9.0,3.5],"rotation":0,"texture":"#0","tintindex":0},"up":{"uv":[0.0,4.0,9.0,13.0],"rotation":0,"texture":"#0","tintindex":0},"west":{"uv":[0.0,3.0,9.0,3.5],"rotation":0,"texture":"#0","tintindex":0}}},{"name":"cube","from":[-16.0,17.57,-4.0000005],"to":[5.6600013,19.970001,-1.6000004],"rotation":{"angle":0.0,"axis":"x","origin":[-0.96999836,13.394,-2.8000002]},"faces":{"down":{"uv":[9.0,4.0,10.0,13.0],"rotation":90,"texture":"#0","tintindex":0},"east":{"uv":[9.0,3.0,10.0,4.0],"rotation":0,"texture":"#0","tintindex":0},"north":{"uv":[9.0,4.0,10.0,13.0],"rotation":90,"texture":"#0","tintindex":0},"south":{"uv":[9.0,4.0,10.0,13.0],"rotation":90,"texture":"#0","tintindex":0},"up":{"uv":[9.0,4.0,10.0,13.0],"rotation":90,"texture":"#0","tintindex":0},"west":{"uv":[9.0,3.0,10.0,4.0],"rotation":0,"texture":"#0","tintindex":0}}},{"name":"cube","from":[-16.0,8.030001,-4.0000005],"to":[5.6600013,10.43,-1.6000004],"rotation":{"angle":0.0,"axis":"x","origin":[-0.96999836,3.7939997,-2.8000002]},"faces":{"down":{"uv":[9.0,4.0,10.0,13.0],"rotation":90,"texture":"#0","tintindex":0},"east":{"uv":[9.0,3.0,10.0,4.0],"rotation":0,"texture":"#0","tintindex":0},"north":{"uv":[9.0,4.0,10.0,13.0],"rotation":90,"texture":"#0","tintindex":0},"south":{"uv":[9.0,4.0,10.0,13.0],"rotation":90,"texture":"#0","tintindex":0},"up":{"uv":[9.0,4.0,10.0,13.0],"rotation":90,"texture":"#0","tintindex":0},"west":{"uv":[9.0,3.0,10.0,4.0],"rotation":0,"texture":"#0","tintindex":0}}},{"name":"cube","from":[-6.369999,17.57,-13.63],"to":[-3.9699984,19.970001,8.03],"rotation":{"angle":0.0,"axis":"x","origin":[-0.96999836,13.394,-2.8000002]},"faces":{"down":{"uv":[9.0,4.0,10.0,13.0],"rotation":0,"texture":"#0","tintindex":0},"east":{"uv":[9.0,4.0,10.0,13.0],"rotation":90,"texture":"#0","tintindex":0},"north":{"uv":[9.0,3.0,10.0,4.0],"rotation":0,"texture":"#0","tintindex":0},"south":{"uv":[9.0,3.0,10.0,4.0],"rotation":0,"texture":"#0","tintindex":0},"up":{"uv":[9.0,4.0,10.0,13.0],"rotation":180,"texture":"#0","tintindex":0},"west":{"uv":[9.0,4.0,10.0,13.0],"rotation":90,"texture":"#0","tintindex":0}}},{"name":"cube","from":[-6.369999,8.030001,-13.63],"to":[-3.9699984,10.43,8.03],"rotation":{"angle":0.0,"axis":"x","origin":[-0.96999836,3.7939997,-2.8000002]},"faces":{"down":{"uv":[9.0,4.0,10.0,13.0],"rotation":0,"texture":"#0","tintindex":0},"east":{"uv":[9.0,4.0,10.0,13.0],"rotation":90,"texture":"#0","tintindex":0},"north":{"uv":[9.0,3.0,10.0,4.0],"rotation":0,"texture":"#0","tintindex":0},"south":{"uv":[9.0,3.0,10.0,4.0],"rotation":0,"texture":"#0","tintindex":0},"up":{"uv":[9.0,4.0,10.0,13.0],"rotation":180,"texture":"#0","tintindex":0},"west":{"uv":[9.0,4.0,10.0,13.0],"rotation":90,"texture":"#0","tintindex":0}}},{"name":"cube","from":[-6.369999,19.939999,-4.0000005],"to":[-3.9699984,22.34,-1.6000004],"rotation":{"angle":0.0,"axis":"x","origin":[2.6300015,19.400002,0.7999997]},"faces":{"down":{"uv":[0.0,0.0,0.0,0.0],"rotation":0,"texture":"#0","tintindex":0},"east":{"uv":[9.0,4.0,10.0,5.0],"rotation":0,"texture":"#0","tintindex":0},"north":{"uv":[9.0,4.0,10.0,5.0],"rotation":0,"texture":"#0","tintindex":0},"south":{"uv":[9.0,4.0,10.0,5.0],"rotation":0,"texture":"#0","tintindex":0},"up":{"uv":[9.0,3.0,10.0,4.0],"rotation":0,"texture":"#0","tintindex":0},"west":{"uv":[9.0,4.0,10.0,5.0],"rotation":0,"texture":"#0","tintindex":0}}},{"name":"cube","from":[-6.369999,8.0,-4.0000005],"to":[-3.9699984,8.0,-1.6000004],"rotation":{"angle":0.0,"axis":"x","origin":[2.6300015,7.4,0.7999997]},"faces":{"down":{"uv":[9.0,3.0,10.0,4.0],"rotation":0,"texture":"#0","tintindex":0},"east":{"uv":[0.0,0.0,0.0,0.0],"rotation":0,"texture":"#0","tintindex":0},"north":{"uv":[0.0,0.0,0.0,0.0],"rotation":0,"texture":"#0","tintindex":0},"south":{"uv":[0.0,0.0,0.0,0.0],"rotation":0,"texture":"#0","tintindex":0},"up":{"uv":[0.0,0.0,0.0,0.0],"rotation":0,"texture":"#0","tintindex":0},"west":{"uv":[0.0,0.0,0.0,0.0],"rotation":0,"texture":"#0","tintindex":0}}},{"name":"cube","from":[-11.169999,8.0,-8.8],"to":[0.83000135,10.4,-6.4000006],"rotation":{"angle":0.0,"axis":"x","origin":[-2.1699986,7.4,-4.0000005]},"faces":{"down":{"uv":[9.0,4.0,10.0,9.0],"rotation":90,"texture":"#0","tintindex":0},"east":{"uv":[9.0,3.0,10.0,4.0],"rotation":0,"texture":"#0","tintindex":0},"north":{"uv":[9.0,4.0,10.0,9.0],"rotation":90,"texture":"#0","tintindex":0},"south":{"uv":[9.0,4.0,10.0,9.0],"rotation":90,"texture":"#0","tintindex":0},"up":{"uv":[9.0,4.0,10.0,9.0],"rotation":90,"texture":"#0","tintindex":0},"west":{"uv":[9.0,3.0,10.0,4.0],"rotation":0,"texture":"#0","tintindex":0}}},{"name":"cube","from":[-11.14,8.09,-8.770001],"to":[-8.74,10.49,3.1700003],"rotation":{"angle":0.0,"axis":"x","origin":[-2.1699986,7.4,-1.6000004]},"faces":{"down":{"uv":[9.0,4.0,10.0,9.0],"rotation":180,"texture":"#0","tintindex":0},"east":{"uv":[9.0,4.0,10.0,9.0],"rotation":90,"texture":"#0","tintindex":0},"north":{"uv":[9.0,3.0,10.0,4.0],"rotation":0,"texture":"#0","tintindex":0},"south":{"uv":[9.0,3.0,10.0,4.0],"rotation":0,"texture":"#0","tintindex":0},"up":{"uv":[9.0,4.0,10.0,9.0],"rotation":0,"texture":"#0","tintindex":0},"west":{"uv":[9.0,4.0,10.0,9.0],"rotation":90,"texture":"#0","tintindex":0}}},{"name":"cube","from":[-1.599998,8.09,-8.770001],"to":[0.80000114,10.49,3.1700003],"rotation":{"angle":0.0,"axis":"x","origin":[7.4300017,7.4,-1.6000004]},"faces":{"down":{"uv":[9.0,4.0,10.0,9.0],"rotation":180,"texture":"#0","tintindex":0},"east":{"uv":[9.0,4.0,10.0,9.0],"rotation":90,"texture":"#0","tintindex":0},"north":{"uv":[9.0,3.0,10.0,4.0],"rotation":0,"texture":"#0","tintindex":0},"south":{"uv":[9.0,3.0,10.0,4.0],"rotation":0,"texture":"#0","tintindex":0},"up":{"uv":[9.0,4.0,10.0,9.0],"rotation":0,"texture":"#0","tintindex":0},"west":{"uv":[9.0,4.0,10.0,9.0],"rotation":90,"texture":"#0","tintindex":0}}},{"name":"cube","from":[-11.169999,8.0,0.7999997],"to":[0.83000135,10.4,3.1999998],"rotation":{"angle":0.0,"axis":"x","origin":[-2.1699986,7.4,5.6]},"faces":{"down":{"uv":[9.0,4.0,10.0,9.0],"rotation":90,"texture":"#0","tintindex":0},"east":{"uv":[9.0,3.0,10.0,4.0],"rotation":0,"texture":"#0","tintindex":0},"north":{"uv":[9.0,4.0,10.0,9.0],"rotation":90,"texture":"#0","tintindex":0},"south":{"uv":[9.0,4.0,10.0,9.0],"rotation":90,"texture":"#0","tintindex":0},"up":{"uv":[9.0,4.0,10.0,9.0],"rotation":90,"texture":"#0","tintindex":0},"west":{"uv":[9.0,3.0,10.0,4.0],"rotation":0,"texture":"#0","tintindex":0}}}],"display":{"head":{"translation":[-6.832007,-6.4,0.0],"rotation":[0.0,0.0,0.0],"scale":[3.8095,3.8095,3.8095]}}}