{
	"credit": "Made with Blockbench",
	"texture_size": [64, 64],
	"textures": {
		"0": "custom/decorations/bank_sign",
		"particle": "custom/decorations/bank_sign"
	},
	"elements": [
		{
			"from": [-6, 0, -1],
			"to": [22, 12, 27],
			"rotation": {"angle": 0, "axis": "y", "origin": [2, 8, 2]},
			"faces": {
				"north": {"uv": [7.0625, 0, 14.0625, 3], "texture": "#0"},
				"east": {"uv": [0, 0, 7, 3], "texture": "#0"},
				"south": {"uv": [7.0625, 0, 14.0625, 3], "texture": "#0"},
				"west": {"uv": [0, 0, 7, 3], "texture": "#0"}
			}
		},
		{
			"from": [-10, -2, -5],
			"to": [26, 0, 31],
			"rotation": {"angle": 0, "axis": "y", "origin": [-2, 6, -2]},
			"faces": {
				"north": {"uv": [0, 3, 9, 3.5], "texture": "#0"},
				"east": {"uv": [0, 3, 9, 3.5], "texture": "#0"},
				"south": {"uv": [0, 3, 9, 3.5], "texture": "#0"},
				"west": {"uv": [0, 3, 9, 3.5], "texture": "#0"},
				"up": {"uv": [0, 4, 9, 13], "texture": "#0"},
				"down": {"uv": [0, 4, 9, 13], "rotation": 90, "texture": "#0"}
			}
		},
		{
			"from": [-10, 12, -5],
			"to": [26, 14, 31],
			"rotation": {"angle": 0, "axis": "y", "origin": [-2, 20, -2]},
			"faces": {
				"north": {"uv": [0, 3, 9, 3.5], "texture": "#0"},
				"east": {"uv": [0, 3, 9, 3.5], "texture": "#0"},
				"south": {"uv": [0, 3, 9, 3.5], "texture": "#0"},
				"west": {"uv": [0, 3, 9, 3.5], "texture": "#0"},
				"up": {"uv": [0, 4, 9, 13], "texture": "#0"},
				"down": {"uv": [0, 4, 9, 13], "rotation": 90, "texture": "#0"}
			}
		},
		{
			"from": [-10.05, 11.95, 11],
			"to": [26.05, 15.95, 15],
			"rotation": {"angle": 0, "axis": "y", "origin": [8, 13.99, 8]},
			"faces": {
				"north": {"uv": [9, 4, 10, 13], "rotation": 90, "texture": "#0"},
				"east": {"uv": [9, 3, 10, 4], "texture": "#0"},
				"south": {"uv": [9, 4, 10, 13], "rotation": 90, "texture": "#0"},
				"west": {"uv": [9, 3, 10, 4], "texture": "#0"},
				"up": {"uv": [9, 4, 10, 13], "rotation": 90, "texture": "#0"},
				"down": {"uv": [9, 4, 10, 13], "rotation": 90, "texture": "#0"}
			}
		},
		{
			"from": [-10.05, -3.95, 11],
			"to": [26.05, 0.05, 15],
			"rotation": {"angle": 0, "axis": "y", "origin": [8, -2.01, 8]},
			"faces": {
				"north": {"uv": [9, 4, 10, 13], "rotation": 90, "texture": "#0"},
				"east": {"uv": [9, 3, 10, 4], "texture": "#0"},
				"south": {"uv": [9, 4, 10, 13], "rotation": 90, "texture": "#0"},
				"west": {"uv": [9, 3, 10, 4], "texture": "#0"},
				"up": {"uv": [9, 4, 10, 13], "rotation": 90, "texture": "#0"},
				"down": {"uv": [9, 4, 10, 13], "rotation": 90, "texture": "#0"}
			}
		},
		{
			"from": [6, 11.95, -5.05],
			"to": [10, 15.95, 31.05],
			"rotation": {"angle": 0, "axis": "y", "origin": [8, 13.99, 8]},
			"faces": {
				"north": {"uv": [9, 3, 10, 4], "texture": "#0"},
				"east": {"uv": [9, 4, 10, 13], "rotation": 90, "texture": "#0"},
				"south": {"uv": [9, 3, 10, 4], "texture": "#0"},
				"west": {"uv": [9, 4, 10, 13], "rotation": 90, "texture": "#0"},
				"up": {"uv": [9, 4, 10, 13], "rotation": 180, "texture": "#0"},
				"down": {"uv": [9, 4, 10, 13], "texture": "#0"}
			}
		},
		{
			"from": [6, -3.95, -5.05],
			"to": [10, 0.05, 31.05],
			"rotation": {"angle": 0, "axis": "y", "origin": [8, -2.01, 8]},
			"faces": {
				"north": {"uv": [9, 3, 10, 4], "texture": "#0"},
				"east": {"uv": [9, 4, 10, 13], "rotation": 90, "texture": "#0"},
				"south": {"uv": [9, 3, 10, 4], "texture": "#0"},
				"west": {"uv": [9, 4, 10, 13], "rotation": 90, "texture": "#0"},
				"up": {"uv": [9, 4, 10, 13], "rotation": 180, "texture": "#0"},
				"down": {"uv": [9, 4, 10, 13], "texture": "#0"}
			}
		},
		{
			"from": [6, 15.9, 11],
			"to": [10, 19.9, 15],
			"rotation": {"angle": 0, "axis": "y", "origin": [14, 24, 14]},
			"faces": {
				"north": {"uv": [9, 4, 10, 5], "texture": "#0"},
				"east": {"uv": [9, 4, 10, 5], "texture": "#0"},
				"south": {"uv": [9, 4, 10, 5], "texture": "#0"},
				"west": {"uv": [9, 4, 10, 5], "texture": "#0"},
				"up": {"uv": [9, 3, 10, 4], "texture": "#0"}
			}
		},
		{
			"from": [6, -4, 11],
			"to": [10, -4, 15],
			"rotation": {"angle": 0, "axis": "y", "origin": [14, 4, 14]},
			"faces": {
				"down": {"uv": [9, 3, 10, 4], "texture": "#0"}
			}
		},
		{
			"from": [-2, -4, 3],
			"to": [18, 0, 7],
			"rotation": {"angle": 0, "axis": "y", "origin": [6, 4, 6]},
			"faces": {
				"north": {"uv": [9, 4, 10, 9], "rotation": 90, "texture": "#0"},
				"east": {"uv": [9, 3, 10, 4], "texture": "#0"},
				"south": {"uv": [9, 4, 10, 9], "rotation": 90, "texture": "#0"},
				"west": {"uv": [9, 3, 10, 4], "texture": "#0"},
				"up": {"uv": [9, 4, 10, 9], "rotation": 90, "texture": "#0"},
				"down": {"uv": [9, 4, 10, 9], "rotation": 90, "texture": "#0"}
			}
		},
		{
			"from": [-1.95, -3.85, 3.05],
			"to": [2.05, 0.15, 22.95],
			"rotation": {"angle": 0, "axis": "y", "origin": [6, 4, 10]},
			"faces": {
				"north": {"uv": [9, 3, 10, 4], "texture": "#0"},
				"east": {"uv": [9, 4, 10, 9], "rotation": 90, "texture": "#0"},
				"south": {"uv": [9, 3, 10, 4], "texture": "#0"},
				"west": {"uv": [9, 4, 10, 9], "rotation": 90, "texture": "#0"},
				"up": {"uv": [9, 4, 10, 9], "texture": "#0"},
				"down": {"uv": [9, 4, 10, 9], "rotation": 180, "texture": "#0"}
			}
		},
		{
			"from": [13.95, -3.85, 3.05],
			"to": [17.95, 0.15, 22.95],
			"rotation": {"angle": 0, "axis": "y", "origin": [22, 4, 10]},
			"faces": {
				"north": {"uv": [9, 3, 10, 4], "texture": "#0"},
				"east": {"uv": [9, 4, 10, 9], "rotation": 90, "texture": "#0"},
				"south": {"uv": [9, 3, 10, 4], "texture": "#0"},
				"west": {"uv": [9, 4, 10, 9], "rotation": 90, "texture": "#0"},
				"up": {"uv": [9, 4, 10, 9], "texture": "#0"},
				"down": {"uv": [9, 4, 10, 9], "rotation": 180, "texture": "#0"}
			}
		},
		{
			"from": [-2, -4, 19],
			"to": [18, 0, 23],
			"rotation": {"angle": 0, "axis": "y", "origin": [6, 4, 22]},
			"faces": {
				"north": {"uv": [9, 4, 10, 9], "rotation": 90, "texture": "#0"},
				"east": {"uv": [9, 3, 10, 4], "texture": "#0"},
				"south": {"uv": [9, 4, 10, 9], "rotation": 90, "texture": "#0"},
				"west": {"uv": [9, 3, 10, 4], "texture": "#0"},
				"up": {"uv": [9, 4, 10, 9], "rotation": 90, "texture": "#0"},
				"down": {"uv": [9, 4, 10, 9], "rotation": 90, "texture": "#0"}
			}
		},
		{
			"from": [-1.9, -12.6, 3.1],
			"to": [17.9, -2.8, 22.9],
			"rotation": {"angle": 0, "axis": "y", "origin": [6, -5, 6]},
			"faces": {
				"north": {"uv": [10, 4, 15, 6.5], "texture": "#0"},
				"east": {"uv": [10, 4, 15, 6.5], "texture": "#0"},
				"south": {"uv": [10, 4, 15, 6.5], "texture": "#0"},
				"west": {"uv": [10, 4, 15, 6.5], "texture": "#0"}
			}
		},
		{
			"from": [17.9, -2.8, 22.9],
			"to": [-1.9, -12.6, 3.1],
			"rotation": {"angle": 0, "axis": "y", "origin": [26, 5, 26]},
			"faces": {
				"north": {"uv": [10, 4, 15, 6.5], "rotation": 180, "texture": "#0"},
				"east": {"uv": [10, 4, 15, 6.5], "rotation": 180, "texture": "#0"},
				"south": {"uv": [10, 4, 15, 6.5], "rotation": 180, "texture": "#0"},
				"west": {"uv": [10, 4, 15, 6.5], "rotation": 180, "texture": "#0"}
			}
		}
	],
	"display": {
		"thirdperson_righthand": {
			"rotation": [90, 0, 0],
			"translation": [-6, -2, 0],
			"scale": [4, 4, 4]
		},
		"thirdperson_lefthand": {
			"rotation": [90, 0, 0],
			"translation": [-6, -2, 0],
			"scale": [4, 4, 4]
		},
		"firstperson_righthand": {
			"translation": [27.25, -3.5, -13.5]
		},
		"firstperson_lefthand": {
			"translation": [27.25, -3.5, -13.5]
		},
		"ground": {
			"translation": [0, 15.5, 0],
			"scale": [0.39, 0.39, 0.39]
		},
		"gui": {
			"rotation": [30, 45, 0],
			"translation": [0, 1, 0],
			"scale": [0.28, 0.28, 0.28]
		},
		"head": {
			"translation": [0, 41, -21.5],
			"scale": [4, 4, 4]
		}
	},
	"groups": [
		{
			"name": "group",
			"origin": [26, 5, 26],
			"color": 0,
			"children": [0, 1, 2, 3, 4, 5, 6, 7, 8, 9, 10, 11, 12, 13, 14]
		}
	]
}