{
	"credit": "Made with Blockbench",
	"textures": {
		"0": "custom/decorations/cosmetic_sign",
		"particle": "custom/decorations/cosmetic_sign"
	},
	"elements": [
		{
			"from": [-13, -2, 4],
			"to": [-10.5, 15, 6.5],
			"rotation": {"angle": 0, "axis": "y", "origin": [11, 8, 13]},
			"faces": {
				"north": {"uv": [9.625, 0, 10.245, 4.25], "texture": "#0"},
				"east": {"uv": [9.625, 0, 10.245, 4.25], "texture": "#0"},
				"south": {"uv": [9.625, 0, 10.245, 4.25], "texture": "#0"},
				"west": {"uv": [9.625, 0, 10.245, 4.25], "texture": "#0"},
				"up": {"uv": [9.625, 4.25, 10.245, 4.875], "texture": "#0"},
				"down": {"uv": [9.625, 4.25, 10.245, 4.875], "texture": "#0"}
			}
		},
		{
			"from": [26.5, -2, 4],
			"to": [29, 15, 6.5],
			"rotation": {"angle": 0, "axis": "y", "origin": [11, 8, 13]},
			"faces": {
				"north": {"uv": [9.625, 0, 10.245, 4.25], "texture": "#0"},
				"east": {"uv": [9.625, 0, 10.245, 4.25], "texture": "#0"},
				"south": {"uv": [9.625, 0, 10.245, 4.25], "texture": "#0"},
				"west": {"uv": [9.625, 0, 10.245, 4.25], "texture": "#0"},
				"up": {"uv": [9.625, 4.25, 10.245, 4.875], "texture": "#0"},
				"down": {"uv": [9.625, 4.25, 10.245, 4.875], "texture": "#0"}
			}
		},
		{
			"from": [-12, -2, 5.25],
			"to": [28, 14, 5.25],
			"rotation": {"angle": 0, "axis": "y", "origin": [11, 8, 13]},
			"faces": {
				"north": {"uv": [0, 0, 10, 4], "texture": "#0"},
				"south": {"uv": [0, 0, 10, 4], "texture": "#0"}
			}
		},
		{
			"from": [-12, 15, 5.25],
			"to": [28, 23, 5.25],
			"rotation": {"angle": 0, "axis": "y", "origin": [11, 8, 13]},
			"faces": {
				"north": {"uv": [0, 4.875, 10, 6.875], "texture": "#0"},
				"south": {"uv": [0, 4.875, 10, 6.75], "texture": "#0"}
			}
		},
		{
			"from": [-13, -2, 6],
			"to": [-13, 13, 21],
			"faces": {
				"east": {"uv": [14, 0.25, 10.25, 4], "texture": "#0"},
				"west": {"uv": [10.25, 0.25, 14, 4], "texture": "#0"}
			}
		},
		{
			"from": [29, -2, 6],
			"to": [29, 13, 21],
			"faces": {
				"east": {"uv": [14, 0.25, 10.25, 4], "texture": "#0"},
				"west": {"uv": [10.25, 0.25, 14, 4], "texture": "#0"}
			}
		}
	],
	"display": {
		"thirdperson_righthand": {
			"rotation": [32, 39, 0],
			"translation": [-0.25, 0, -0.25],
			"scale": [0.2, 0.2, 0.2]
		},
		"thirdperson_lefthand": {
			"rotation": [32, 39, 0],
			"translation": [-0.25, 0, -0.25],
			"scale": [0.2, 0.2, 0.2]
		},
		"firstperson_righthand": {
			"rotation": [0, 25, 0],
			"translation": [26.5, -2.25, -21.5]
		},
		"firstperson_lefthand": {
			"rotation": [0, 25, 0],
			"translation": [26.5, -2.25, -21.5]
		},
		"ground": {
			"translation": [0, 3.75, 0],
			"scale": [0.2, 0.2, 0.2]
		},
		"gui": {
			"scale": [0.35, 0.35, 0.35]
		},
		"head": {
			"translation": [0, 3.5, -4],
			"scale": [2, 2, 2]
		},
		"fixed": {
			"rotation": [-90, 0, 0],
			"translation": [0, 0, -8],
			"scale": [4, 4, 4]
		}
	},
	"groups": [
		{
			"name": "group",
			"origin": [8, 8, 8],
			"color": 0,
			"children": [0, 1, 2, 3, 4, 5]
		}
	]
}