{
	"credit": "Made with Blockbench",
	"textures": {
		"0": "custom/decorations/logo",
		"particle": "custom/decorations/logo"
	},
	"elements": [
		{
			"from": [0, 0, 0],
			"to": [32, 32, 0],
			"faces": {
				"north": {"uv": [0, 0, 16, 4.4], "texture": "#0"},
				"east": {"uv": [0, 0, 0.28, 16], "texture": "#0"},
				"south": {"uv": [0, 0, 16, 16], "texture": "#0"},
				"west": {"uv": [0, 0, 0, 16], "texture": "#0"},
				"up": {"uv": [0, 0, 16, 1], "texture": "#0"},
				"down": {"uv": [0, 0, 16, 1], "texture": "#0"}
			}
		}
	],
	"display": {
		"fixed": {
			"rotation": [0, -180, 0],
			"translation": [33, -33.5, -33],
			"scale": [4, 4, 4]
		}
	}
}