{
	"credit": "Made with Blockbench",
	"texture_size": [32, 32],
	"textures": {
		"0": "custom/drawings/drawing_common",
		"particle": "custom/drawings/drawing_common"
	},
	"elements": [
		{
			"from": [6.5, 6.5, 6],
			"to": [9.5, 10.5, 10],
			"rotation": {"angle": -45, "axis": "x", "origin": [8, 8.5, 8]},
			"faces": {
				"north": {"uv": [0, 10, 1.5, 12], "texture": "#0"},
				"east": {"uv": [5.5, 8, 7.5, 10], "texture": "#0"},
				"south": {"uv": [5.5, 10, 7, 12], "texture": "#0"},
				"west": {"uv": [7.5, 8, 9.5, 10], "texture": "#0"},
				"up": {"uv": [11.5, 8, 10, 6], "texture": "#0"},
				"down": {"uv": [8.5, 10, 7, 12], "texture": "#0"}
			}
		},
		{
			"from": [10.5, 6.5, 6],
			"to": [15.5, 10.5, 10],
			"rotation": {"angle": -45, "axis": "x", "origin": [8, 8.5, 8]},
			"faces": {
				"north": {"uv": [0, 6, 2.5, 8], "texture": "#0"},
				"east": {"uv": [9, 0, 11, 2], "texture": "#0"},
				"south": {"uv": [2.5, 6, 5, 8], "texture": "#0"},
				"west": {"uv": [9, 2, 11, 4], "texture": "#0"},
				"up": {"uv": [7.5, 8, 5, 6], "texture": "#0"},
				"down": {"uv": [9, 0, 6.5, 2], "texture": "#0"}
			}
		},
		{
			"from": [0.5, 6.5, 6],
			"to": [5.5, 10.5, 10],
			"rotation": {"angle": -45, "axis": "x", "origin": [8, 8.5, 8]},
			"faces": {
				"north": {"uv": [6.5, 2, 9, 4], "texture": "#0"},
				"east": {"uv": [9, 4, 11, 6], "texture": "#0"},
				"south": {"uv": [6.5, 4, 9, 6], "texture": "#0"},
				"west": {"uv": [9.5, 8, 11.5, 10], "texture": "#0"},
				"up": {"uv": [10, 8, 7.5, 6], "texture": "#0"},
				"down": {"uv": [2.5, 8, 0, 10], "texture": "#0"}
			}
		},
		{
			"from": [1.5, 7, 6.5],
			"to": [14.5, 10, 9.5],
			"rotation": {"angle": -45, "axis": "x", "origin": [8, 8.5, 8]},
			"faces": {
				"north": {"uv": [0, 0, 6.5, 1.5], "texture": "#0"},
				"east": {"uv": [8.5, 10, 10, 11.5], "texture": "#0"},
				"south": {"uv": [0, 1.5, 6.5, 3], "texture": "#0"},
				"west": {"uv": [10, 10, 11.5, 11.5], "texture": "#0"},
				"up": {"uv": [6.5, 4.5, 0, 3], "texture": "#0"},
				"down": {"uv": [6.5, 4.5, 0, 6], "texture": "#0"}
			}
		},
		{
			"from": [6.5, 9.13019, 1.99836],
			"to": [9.5, 9.13019, 4.99836],
			"rotation": {"angle": 22.5, "axis": "x", "origin": [8, 8.38019, 3.49836]},
			"faces": {
				"north": {"uv": [0, 0, 1.5, 0], "texture": "#0"},
				"east": {"uv": [0, 0, 1.5, 0], "texture": "#0"},
				"south": {"uv": [0, 0, 1.5, 0], "texture": "#0"},
				"west": {"uv": [0, 0, 1.5, 0], "texture": "#0"},
				"up": {"uv": [12.5, 1.5, 11, 0], "texture": "#0"},
				"down": {"uv": [3, 11, 1.5, 12.5], "texture": "#0"}
			}
		},
		{
			"from": [6.5, 3.76223, 1.82591],
			"to": [9.5, 9.76223, 1.82591],
			"rotation": {"angle": 22.5, "axis": "x", "origin": [8, 8.26223, 1.82591]},
			"faces": {
				"north": {"uv": [2.5, 8, 4, 11], "texture": "#0"},
				"east": {"uv": [0, 0, 0, 3], "texture": "#0"},
				"south": {"uv": [4, 8, 5.5, 11], "texture": "#0"},
				"west": {"uv": [0, 0, 0, 3], "texture": "#0"},
				"up": {"uv": [1.5, 0, 0, 0], "texture": "#0"},
				"down": {"uv": [1.5, 0, 0, 0], "texture": "#0"}
			}
		}
	],
	"display": {
		"thirdperson_righthand": {
			"rotation": [90, -90, -1.75],
			"translation": [0, -2, 0],
			"scale": [0.5, 0.5, 0.5]
		},
		"thirdperson_lefthand": {
			"rotation": [90, -90, -1.75],
			"translation": [0, -2, 0],
			"scale": [0.5, 0.5, 0.5]
		},
		"firstperson_righthand": {
			"rotation": [12, 80, 90],
			"translation": [8.25, -1, -6]
		},
		"firstperson_lefthand": {
			"rotation": [12, 80, 90],
			"translation": [8.25, -1, -6]
		},
		"gui": {
			"rotation": [26.75, 137.75, 5.25],
			"translation": [0, 0.25, 0]
		},
		"head": {
			"translation": [0, 6.25, 0]
		},
		"fixed": {
			"rotation": [-60, 0, 0]
		}
	}
}