{
	"credit": "Made with Blockbench",
	"texture_size": [64, 64],
	"textures": {
		"0": "modelengine:entity/bulb",
		"particle": "modelengine:entity/bulb"
	},
	"elements": [
		{
			"from": [2, 1.91667, 2.98333],
			"to": [14, 9.91667, 12.98333],
			"rotation": {"angle": 0, "axis": "y", "origin": [8, 8.91667, 7.98333]},
			"faces": {
				"north": {"uv": [0, 5, 3, 7], "texture": "#0"},
				"east": {"uv": [0, 7, 2.5, 9], "texture": "#0"},
				"south": {"uv": [5.25, 0, 8.25, 2], "texture": "#0"},
				"west": {"uv": [2.5, 7, 5, 9], "texture": "#0"},
				"up": {"uv": [3, 2.5, 0, 0], "texture": "#0"},
				"down": {"uv": [3, 2.5, 0, 5], "texture": "#0"}
			}
		},
		{
			"from": [3, 5.91667, 1.98333],
			"to": [6, 8.91667, 2.98333],
			"rotation": {"angle": 0, "axis": "y", "origin": [8, 8.91667, 7.98333]},
			"faces": {
				"north": {"uv": [8.5, 2, 9.25, 2.75], "texture": "#0"},
				"east": {"uv": [8.75, 8.5, 9, 9.25], "texture": "#0"},
				"south": {"uv": [8.5, 2.75, 9.25, 3.5], "texture": "#0"},
				"west": {"uv": [0, 9, 0.25, 9.75], "texture": "#0"},
				"up": {"uv": [3.75, 7, 3, 6.75], "texture": "#0"},
				"down": {"uv": [4.5, 6.75, 3.75, 7], "texture": "#0"}
			}
		},
		{
			"from": [10, 5.91667, 1.98333],
			"to": [13, 8.91667, 2.98333],
			"rotation": {"angle": 0, "axis": "y", "origin": [8, 8.91667, 7.98333]},
			"faces": {
				"north": {"uv": [8.25, 1.25, 9, 2], "texture": "#0"},
				"east": {"uv": [5, 6.5, 5.25, 7.25], "texture": "#0"},
				"south": {"uv": [8.25, 7.75, 9, 8.5], "texture": "#0"},
				"west": {"uv": [6.75, 8.75, 7, 9.5], "texture": "#0"},
				"up": {"uv": [3.75, 6.75, 3, 6.5], "texture": "#0"},
				"down": {"uv": [4.5, 6.5, 3.75, 6.75], "texture": "#0"}
			}
		},
		{
			"from": [8, 10, 3],
			"to": [8, 18, 8],
			"rotation": {"angle": 0, "axis": "y", "origin": [-0.5, 17, -9]},
			"faces": {
				"north": {"uv": [0, 0, 0, 2], "texture": "#0"},
				"east": {"uv": [8.5, 4, 7.25, 6], "texture": "#0"},
				"south": {"uv": [0, 0, 0, 2], "texture": "#0"},
				"west": {"uv": [7.25, 4, 8.5, 6], "texture": "#0"},
				"up": {"uv": [0, 1.25, 0, 0], "texture": "#0"},
				"down": {"uv": [0, 0, 0, 1.25], "texture": "#0"}
			}
		},
		{
			"from": [5.40207, 15.6599, 2.25],
			"to": [10.40207, 22.6599, 2.25],
			"rotation": {"angle": 22.5, "axis": "x", "origin": [-0.5, 17, -9]},
			"faces": {
				"north": {"uv": [7.25, 6, 8.5, 7.75], "texture": "#0"},
				"east": {"uv": [0, 0, 0, 1.75], "texture": "#0"},
				"south": {"uv": [8.5, 6, 7.25, 7.75], "texture": "#0"},
				"west": {"uv": [0, 0, 0, 1.75], "texture": "#0"},
				"up": {"uv": [1.25, 0, 0, 0], "texture": "#0"},
				"down": {"uv": [1.25, 0, 0, 0], "texture": "#0"}
			}
		},
		{
			"from": [8, 10, 4],
			"to": [8, 21, 12],
			"rotation": {"angle": 0, "axis": "y", "origin": [7.5, 17, 3]},
			"faces": {
				"north": {"uv": [0, 0, 0, 2.75], "texture": "#0"},
				"east": {"uv": [5.25, 2, 7.25, 4.75], "texture": "#0"},
				"south": {"uv": [0, 0, 0, 2.75], "texture": "#0"},
				"west": {"uv": [7.25, 2, 5.25, 4.75], "texture": "#0"},
				"up": {"uv": [0, 2, 0, 0], "texture": "#0"},
				"down": {"uv": [0, 0, 0, 2], "texture": "#0"}
			}
		},
		{
			"from": [3.5, 9, 2.5],
			"to": [12.5, 22, 2.5],
			"rotation": {"angle": 22.5, "axis": "x", "origin": [7.5, 17, 3]},
			"faces": {
				"north": {"uv": [3, 0, 5.25, 3.25], "texture": "#0"},
				"east": {"uv": [0, 0, 0, 3.25], "texture": "#0"},
				"south": {"uv": [5.25, 0, 3, 3.25], "texture": "#0"},
				"west": {"uv": [0, 0, 0, 3.25], "texture": "#0"},
				"up": {"uv": [2.25, 0, 0, 0], "texture": "#0"},
				"down": {"uv": [2.25, 0, 0, 0], "texture": "#0"}
			}
		},
		{
			"from": [10, -0.08333, 6.98333],
			"to": [12, 2.91667, 9.98333],
			"rotation": {"angle": 0, "axis": "y", "origin": [0, 8.91667, -0.01667]},
			"faces": {
				"north": {"uv": [8.5, 6.5, 9, 7.25], "texture": "#0"},
				"east": {"uv": [8.5, 3.5, 9.25, 4.25], "texture": "#0"},
				"south": {"uv": [8.25, 8.5, 8.75, 9.25], "texture": "#0"},
				"west": {"uv": [8.5, 4.25, 9.25, 5], "texture": "#0"},
				"up": {"uv": [9.25, 0.75, 8.75, 0], "texture": "#0"},
				"down": {"uv": [6.75, 8.75, 6.25, 9.5], "texture": "#0"}
			}
		},
		{
			"from": [4, -0.08333, 6.98333],
			"to": [6, 2.91667, 9.98333],
			"rotation": {"angle": 0, "axis": "y", "origin": [0, 8.91667, -0.01667]},
			"faces": {
				"north": {"uv": [9, 6.5, 8.5, 7.25], "texture": "#0"},
				"east": {"uv": [9.25, 4.25, 8.5, 5], "texture": "#0"},
				"south": {"uv": [8.75, 8.5, 8.25, 9.25], "texture": "#0"},
				"west": {"uv": [9.25, 3.5, 8.5, 4.25], "texture": "#0"},
				"up": {"uv": [8.75, 0.75, 9.25, 0], "texture": "#0"},
				"down": {"uv": [6.25, 8.75, 6.75, 9.5], "texture": "#0"}
			}
		},
		{
			"from": [13, 1.91667, 6.98333],
			"to": [15, 6.91667, 9.98333],
			"rotation": {"angle": 0, "axis": "y", "origin": [-1, 8.91667, -0.01667]},
			"faces": {
				"north": {"uv": [7.75, 7.75, 8.25, 9], "texture": "#0"},
				"east": {"uv": [6.25, 7.5, 7, 8.75], "texture": "#0"},
				"south": {"uv": [8.25, 0, 8.75, 1.25], "texture": "#0"},
				"west": {"uv": [7, 7.75, 7.75, 9], "texture": "#0"},
				"up": {"uv": [9, 5.75, 8.5, 5], "texture": "#0"},
				"down": {"uv": [9, 5.75, 8.5, 6.5], "texture": "#0"}
			}
		},
		{
			"from": [1, 1.91667, 6.98333],
			"to": [3, 6.91667, 9.98333],
			"rotation": {"angle": 0, "axis": "y", "origin": [1, 8.91667, -0.01667]},
			"faces": {
				"north": {"uv": [8.25, 7.75, 7.75, 9], "texture": "#0"},
				"east": {"uv": [7.75, 7.75, 7, 9], "texture": "#0"},
				"south": {"uv": [8.75, 0, 8.25, 1.25], "texture": "#0"},
				"west": {"uv": [7, 7.5, 6.25, 8.75], "texture": "#0"},
				"up": {"uv": [8.5, 5.75, 9, 5], "texture": "#0"},
				"down": {"uv": [8.5, 5.75, 9, 6.5], "texture": "#0"}
			}
		}
	],
	"display": {
		"gui": {
			"rotation": [-15, -180, -10],
			"translation": [0, -1.75, 0],
			"scale": [0.7, 0.7, 0.7]
		}
	},
	"groups": [
		{
			"name": "h_bulb",
			"origin": [0, 3.91667, 0.98333],
			"color": 0,
			"children": [
				0,
				1,
				2,
				{
					"name": "h_sprig1",
					"origin": [0, 8.91667, -0.01667],
					"rotation": [0, 65, 0],
					"color": 0,
					"children": [3, 4]
				},
				{
					"name": "h_sprig2",
					"origin": [0, 8.91667, -0.01667],
					"color": 0,
					"children": [5, 6]
				},
				{
					"name": "right_leg",
					"origin": [3, 2.91667, -0.01667],
					"rotation": [-10, 0, 0],
					"color": 0,
					"children": [7]
				},
				{
					"name": "left_leg",
					"origin": [-3, 2.91667, -0.01667],
					"rotation": [-10, 0, 0],
					"color": 0,
					"children": [8]
				},
				{
					"name": "h_right_arm",
					"origin": [6, 6.91667, 0.48333],
					"rotation": [-15, 0, 30],
					"color": 0,
					"children": [9]
				},
				{
					"name": "h_left_arm",
					"origin": [-6, 6.91667, 0.48333],
					"rotation": [-15, 0, -30],
					"color": 0,
					"children": [10]
				}
			]
		}
	]
}