{
	"credit": "Made with Blockbench",
	"texture_size": [64, 64],
	"textures": {
		"0": "modelengine:entity/bulbsunflower",
		"particle": "modelengine:entity/bulbsunflower"
	},
	"elements": [
		{
			"from": [2, 1.91667, 1.98333],
			"to": [14, 9.91667, 11.98333],
			"rotation": {"angle": 0, "axis": "y", "origin": [8, 8.91667, 6.98333]},
			"faces": {
				"north": {"uv": [8.525, 5.025, 11.475, 6.975], "texture": "#0"},
				"east": {"uv": [8.525, 9.025, 10.975, 10.975], "texture": "#0"},
				"south": {"uv": [8.525, 7.025, 11.475, 8.975], "texture": "#0"},
				"west": {"uv": [6.025, 10.025, 8.475, 11.975], "texture": "#0"},
				"up": {"uv": [8.975, 2.475, 6.025, 0.025], "texture": "#0"},
				"down": {"uv": [8.975, 2.525, 6.025, 4.975], "texture": "#0"}
			}
		},
		{
			"from": [3, 5.91667, 0.98333],
			"to": [6, 8.91667, 1.98333],
			"rotation": {"angle": 0, "axis": "y", "origin": [8, 8.91667, 6.98333]},
			"faces": {
				"north": {"uv": [12.025, 3.275, 12.725, 3.975], "texture": "#0"},
				"east": {"uv": [12.275, 12.025, 12.475, 12.725], "texture": "#0"},
				"south": {"uv": [12.025, 4.025, 12.725, 4.725], "texture": "#0"},
				"west": {"uv": [0.025, 12.525, 0.225, 13.225], "texture": "#0"},
				"up": {"uv": [11.475, 4.725, 10.775, 4.525], "texture": "#0"},
				"down": {"uv": [11.475, 4.775, 10.775, 4.975], "texture": "#0"}
			}
		},
		{
			"from": [10, 5.91667, 0.98333],
			"to": [13, 8.91667, 1.98333],
			"rotation": {"angle": 0, "axis": "y", "origin": [8, 8.91667, 6.98333]},
			"faces": {
				"north": {"uv": [11.775, 11.275, 12.475, 11.975], "texture": "#0"},
				"east": {"uv": [5.775, 11.025, 5.975, 11.725], "texture": "#0"},
				"south": {"uv": [12.025, 2.525, 12.725, 3.225], "texture": "#0"},
				"west": {"uv": [5.525, 12.275, 5.725, 12.975], "texture": "#0"},
				"up": {"uv": [10.725, 4.725, 10.025, 4.525], "texture": "#0"},
				"down": {"uv": [10.725, 4.775, 10.025, 4.975], "texture": "#0"}
			}
		},
		{
			"from": [10, -0.08333, 5.98333],
			"to": [12, 2.91667, 8.98333],
			"rotation": {"angle": 0, "axis": "y", "origin": [0, 8.91667, -0.01667]},
			"faces": {
				"north": {"uv": [7.025, 12.025, 7.475, 12.725], "texture": "#0"},
				"east": {"uv": [12.025, 4.775, 12.725, 5.475], "texture": "#0"},
				"south": {"uv": [12.025, 7.025, 12.475, 7.725], "texture": "#0"},
				"west": {"uv": [12.025, 5.525, 12.725, 6.225], "texture": "#0"},
				"up": {"uv": [7.975, 12.725, 7.525, 12.025], "texture": "#0"},
				"down": {"uv": [12.475, 7.775, 12.025, 8.475], "texture": "#0"}
			}
		},
		{
			"from": [4, -0.08333, 5.98333],
			"to": [6, 2.91667, 8.98333],
			"rotation": {"angle": 0, "axis": "y", "origin": [0, 8.91667, -0.01667]},
			"faces": {
				"north": {"uv": [8.025, 12.025, 8.475, 12.725], "texture": "#0"},
				"east": {"uv": [5.775, 12.025, 6.475, 12.725], "texture": "#0"},
				"south": {"uv": [11.775, 12.025, 12.225, 12.725], "texture": "#0"},
				"west": {"uv": [12.025, 6.275, 12.725, 6.975], "texture": "#0"},
				"up": {"uv": [12.725, 0.725, 12.275, 0.025], "texture": "#0"},
				"down": {"uv": [12.725, 0.775, 12.275, 1.475], "texture": "#0"}
			}
		},
		{
			"from": [13, 1.91667, 5.98333],
			"to": [15, 6.91667, 8.98333],
			"rotation": {"angle": 0, "axis": "y", "origin": [-1, 8.91667, -0.01667]},
			"faces": {
				"north": {"uv": [11.525, 7.775, 11.975, 8.975], "texture": "#0"},
				"east": {"uv": [5.025, 11.025, 5.725, 12.225], "texture": "#0"},
				"south": {"uv": [9.025, 11.775, 9.475, 12.975], "texture": "#0"},
				"west": {"uv": [11.025, 11.275, 11.725, 12.475], "texture": "#0"},
				"up": {"uv": [10.975, 12.475, 10.525, 11.775], "texture": "#0"},
				"down": {"uv": [6.975, 12.025, 6.525, 12.725], "texture": "#0"}
			}
		},
		{
			"from": [1, 1.91667, 5.98333],
			"to": [3, 6.91667, 8.98333],
			"rotation": {"angle": 0, "axis": "y", "origin": [1, 8.91667, -0.01667]},
			"faces": {
				"north": {"uv": [9.525, 11.775, 9.975, 12.975], "texture": "#0"},
				"east": {"uv": [11.525, 0.025, 12.225, 1.225], "texture": "#0"},
				"south": {"uv": [10.025, 11.775, 10.475, 12.975], "texture": "#0"},
				"west": {"uv": [11.525, 1.275, 12.225, 2.475], "texture": "#0"},
				"up": {"uv": [12.725, 2.225, 12.275, 1.525], "texture": "#0"},
				"down": {"uv": [5.475, 12.275, 5.025, 12.975], "texture": "#0"}
			}
		},
		{
			"from": [7, 9, 6],
			"to": [9, 16, 8],
			"faces": {
				"north": {"uv": [11.525, 2.525, 11.975, 4.225], "texture": "#0"},
				"east": {"uv": [11.525, 4.275, 11.975, 5.975], "texture": "#0"},
				"south": {"uv": [11.525, 6.025, 11.975, 7.725], "texture": "#0"},
				"west": {"uv": [8.525, 11.775, 8.975, 13.475], "texture": "#0"},
				"up": {"uv": [9.475, 4.975, 9.025, 4.525], "texture": "#0"},
				"down": {"uv": [9.975, 4.525, 9.525, 4.975], "texture": "#0"}
			}
		},
		{
			"from": [3, 14, 2],
			"to": [13, 17, 12],
			"faces": {
				"north": {"uv": [8.525, 11.025, 10.975, 11.725], "texture": "#0"},
				"east": {"uv": [11.025, 9.025, 13.475, 9.725], "texture": "#0"},
				"south": {"uv": [11.025, 9.775, 13.475, 10.475], "texture": "#0"},
				"west": {"uv": [11.025, 10.525, 13.475, 11.225], "texture": "#0"},
				"up": {"uv": [8.475, 7.475, 6.025, 5.025], "texture": "#0"},
				"down": {"uv": [8.475, 7.525, 6.025, 9.975], "texture": "#0"}
			}
		},
		{
			"from": [-4, 14, -4],
			"to": [20, 14, 18],
			"rotation": {"angle": 0, "axis": "y", "origin": [5, 14, 0]},
			"faces": {
				"north": {"uv": [0.025, 0.025, 5.975, 0.025], "texture": "#0"},
				"east": {"uv": [0.025, 0.025, 5.475, 0.025], "texture": "#0"},
				"south": {"uv": [0.025, 0.025, 5.975, 0.025], "texture": "#0"},
				"west": {"uv": [0.025, 0.025, 5.475, 0.025], "texture": "#0"},
				"up": {"uv": [5.975, 5.475, 0.025, 0.025], "texture": "#0"},
				"down": {"uv": [5.975, 5.525, 0.025, 10.975], "texture": "#0"}
			}
		},
		{
			"from": [3, 13, 0],
			"to": [13, 13, 6],
			"rotation": {"angle": 0, "axis": "y", "origin": [5, 15, 0]},
			"faces": {
				"north": {"uv": [0.025, 0.025, 2.475, 0.025], "texture": "#0"},
				"east": {"uv": [0.025, 0.025, 1.475, 0.025], "texture": "#0"},
				"south": {"uv": [0.025, 0.025, 2.475, 0.025], "texture": "#0"},
				"west": {"uv": [0.025, 0.025, 1.475, 0.025], "texture": "#0"},
				"up": {"uv": [2.475, 12.475, 0.025, 11.025], "texture": "#0"},
				"down": {"uv": [4.975, 11.025, 2.525, 12.475], "texture": "#0"}
			}
		},
		{
			"from": [3, 10.32122, -9.53284],
			"to": [13, 10.32122, -0.53284],
			"rotation": {"angle": -22.5, "axis": "x", "origin": [0, 13, -7]},
			"faces": {
				"north": {"uv": [0.025, 0.025, 2.475, 0.025], "texture": "#0"},
				"east": {"uv": [0.025, 0.025, 2.225, 0.025], "texture": "#0"},
				"south": {"uv": [0.025, 0.025, 2.475, 0.025], "texture": "#0"},
				"west": {"uv": [0.025, 0.025, 2.225, 0.025], "texture": "#0"},
				"up": {"uv": [11.475, 2.225, 9.025, 0.025], "texture": "#0"},
				"down": {"uv": [11.475, 2.275, 9.025, 4.475], "texture": "#0"}
			}
		}
	],
	"display": {
		"gui": {
			"rotation": [-15, -180, -10],
			"translation": [0, -1.75, 0],
			"scale": [0.7, 0.7, 0.7]
		}
	},
	"groups": [
		{
			"name": "h_bulb",
			"origin": [0, 3.91667, 0.98333],
			"color": 0,
			"children": [
				0,
				1,
				2,
				{
					"name": "right_leg",
					"origin": [3, 2.91667, -0.01667],
					"rotation": [-10, 0, 0],
					"color": 0,
					"children": [3]
				},
				{
					"name": "left_leg",
					"origin": [-3, 2.91667, -0.01667],
					"rotation": [-10, 0, 0],
					"color": 0,
					"children": [4]
				},
				{
					"name": "h_right_arm",
					"origin": [6, 6.91667, 0.48333],
					"rotation": [-15, 0, 30],
					"color": 0,
					"children": [5]
				},
				{
					"name": "h_left_arm",
					"origin": [-6, 6.91667, 0.48333],
					"rotation": [-15, 0, -30],
					"color": 0,
					"children": [6]
				},
				{
					"name": "sunflower",
					"origin": [0, 10, 0],
					"rotation": [0, -22.5, 0],
					"color": 0,
					"children": [7, 8, 9, 10, 11]
				}
			]
		}
	]
}