{
	"credit": "Made with Blockbench",
	"texture_size": [64, 64],
	"textures": {
		"0": "modelengine:entity/bulbshroom",
		"particle": "modelengine:entity/bulbshroom"
	},
	"elements": [
		{
			"from": [0, 13, 1],
			"to": [16, 20, 17],
			"faces": {
				"north": {"uv": [4, 5, 8, 6.75], "texture": "#0"},
				"east": {"uv": [4, 6.75, 8, 8.5], "texture": "#0"},
				"south": {"uv": [7, 0, 11, 1.75], "texture": "#0"},
				"west": {"uv": [7, 1.75, 11, 3.5], "texture": "#0"},
				"up": {"uv": [4, 4, 0, 0], "texture": "#0"},
				"down": {"uv": [4, 4, 0, 8], "texture": "#0"}
			}
		},
		{
			"from": [3, 20, 4],
			"to": [13, 25, 14],
			"faces": {
				"north": {"uv": [7.5, 10, 10, 11.25], "texture": "#0"},
				"east": {"uv": [10, 10, 12.5, 11.25], "texture": "#0"},
				"south": {"uv": [0, 10.5, 2.5, 11.75], "texture": "#0"},
				"west": {"uv": [2.5, 10.5, 5, 11.75], "texture": "#0"},
				"up": {"uv": [2.5, 10.5, 0, 8], "texture": "#0"},
				"down": {"uv": [10.5, 3.5, 8, 6], "texture": "#missing"}
			}
		},
		{
			"from": [5, 10, 6],
			"to": [11, 13, 12],
			"faces": {
				"north": {"uv": [10.5, 5, 12, 5.75], "texture": "#0"},
				"east": {"uv": [11, 0, 12.5, 0.75], "texture": "#0"},
				"south": {"uv": [11, 0.75, 12.5, 1.5], "texture": "#0"},
				"west": {"uv": [11, 1.5, 12.5, 2.25], "texture": "#0"},
				"up": {"uv": [12, 5, 10.5, 3.5], "texture": "#missing"},
				"down": {"uv": [6.5, 10.5, 5, 12], "texture": "#missing"}
			}
		},
		{
			"from": [2, 1.91667, 3.98333],
			"to": [14, 9.91667, 13.98333],
			"rotation": {"angle": 0, "axis": "y", "origin": [0, 8.91667, -0.01667]},
			"faces": {
				"north": {"uv": [8, 6, 11, 8], "texture": "#0"},
				"east": {"uv": [2.5, 8.5, 5, 10.5], "texture": "#0"},
				"south": {"uv": [8, 8, 11, 10], "texture": "#0"},
				"west": {"uv": [5, 8.5, 7.5, 10.5], "texture": "#0"},
				"up": {"uv": [7, 2.5, 4, 0], "texture": "#0"},
				"down": {"uv": [7, 2.5, 4, 5], "texture": "#0"}
			}
		},
		{
			"from": [10, 5.91667, 2.98333],
			"to": [13, 8.91667, 3.98333],
			"rotation": {"angle": 0, "axis": "y", "origin": [0, 8.91667, -0.01667]},
			"faces": {
				"north": {"uv": [11, 5.75, 11.75, 6.5], "texture": "#0"},
				"east": {"uv": [7.75, 3.5, 8, 4.25], "texture": "#0"},
				"south": {"uv": [11, 6.5, 11.75, 7.25], "texture": "#missing"},
				"west": {"uv": [7.75, 4.25, 8, 5], "texture": "#0"},
				"up": {"uv": [7.75, 5, 7, 4.75], "texture": "#0"},
				"down": {"uv": [3.25, 8, 2.5, 8.25], "texture": "#0"}
			}
		},
		{
			"from": [3, 5.91667, 2.98333],
			"to": [6, 8.91667, 3.98333],
			"rotation": {"angle": 0, "axis": "y", "origin": [0, 8.91667, -0.01667]},
			"faces": {
				"north": {"uv": [11.75, 5.75, 11, 6.5], "texture": "#0"},
				"east": {"uv": [8, 4.25, 7.75, 5], "texture": "#0"},
				"south": {"uv": [11.75, 6.5, 11, 7.25], "texture": "#missing"},
				"west": {"uv": [8, 3.5, 7.75, 4.25], "texture": "#0"},
				"up": {"uv": [7, 5, 7.75, 4.75], "texture": "#0"},
				"down": {"uv": [2.5, 8, 3.25, 8.25], "texture": "#0"}
			}
		},
		{
			"from": [10, -0.08333, 7.98333],
			"to": [12, 2.91667, 10.98333],
			"rotation": {"angle": 0, "axis": "y", "origin": [0, 8.91667, -0.01667]},
			"faces": {
				"north": {"uv": [7.75, 11.25, 8.25, 12], "texture": "#0"},
				"east": {"uv": [11, 7.25, 11.75, 8], "texture": "#0"},
				"south": {"uv": [8.25, 11.25, 8.75, 12], "texture": "#0"},
				"west": {"uv": [11, 8, 11.75, 8.75], "texture": "#0"},
				"up": {"uv": [9.25, 12, 8.75, 11.25], "texture": "#missing"},
				"down": {"uv": [9.75, 11.25, 9.25, 12], "texture": "#0"}
			}
		},
		{
			"from": [4, -0.08333, 7.98333],
			"to": [6, 2.91667, 10.98333],
			"rotation": {"angle": 0, "axis": "y", "origin": [0, 8.91667, -0.01667]},
			"faces": {
				"north": {"uv": [8.25, 11.25, 7.75, 12], "texture": "#0"},
				"east": {"uv": [11.75, 8, 11, 8.75], "texture": "#0"},
				"south": {"uv": [8.75, 11.25, 8.25, 12], "texture": "#0"},
				"west": {"uv": [11.75, 7.25, 11, 8], "texture": "#0"},
				"up": {"uv": [8.75, 12, 9.25, 11.25], "texture": "#missing"},
				"down": {"uv": [9.25, 11.25, 9.75, 12], "texture": "#0"}
			}
		},
		{
			"from": [13, 1.91667, 7.98333],
			"to": [15, 6.91667, 10.98333],
			"rotation": {"angle": 0, "axis": "y", "origin": [-1, 8.91667, -0.01667]},
			"faces": {
				"north": {"uv": [7.5, 8.5, 8, 9.75], "texture": "#0"},
				"east": {"uv": [7, 3.5, 7.75, 4.75], "texture": "#0"},
				"south": {"uv": [11, 2.25, 11.5, 3.5], "texture": "#0"},
				"west": {"uv": [6.5, 10.5, 7.25, 11.75], "texture": "#missing"},
				"up": {"uv": [11.5, 9.5, 11, 8.75], "texture": "#0"},
				"down": {"uv": [7.75, 11.25, 7.25, 12], "texture": "#0"}
			}
		},
		{
			"from": [1, 1.91667, 7.98333],
			"to": [3, 6.91667, 10.98333],
			"rotation": {"angle": 0, "axis": "y", "origin": [1, 8.91667, -0.01667]},
			"faces": {
				"north": {"uv": [8, 8.5, 7.5, 9.75], "texture": "#0"},
				"east": {"uv": [7.25, 10.5, 6.5, 11.75], "texture": "#missing"},
				"south": {"uv": [11.5, 2.25, 11, 3.5], "texture": "#0"},
				"west": {"uv": [7.75, 3.5, 7, 4.75], "texture": "#0"},
				"up": {"uv": [11, 9.5, 11.5, 8.75], "texture": "#0"},
				"down": {"uv": [7.25, 11.25, 7.75, 12], "texture": "#0"}
			}
		}
	],
	"display": {
		"gui": {
			"rotation": [-15, -180, -10],
			"translation": [0, -1.75, 0],
			"scale": [0.7, 0.7, 0.7]
		}
	},
	"groups": [
		{
			"name": "h_bulb",
			"origin": [0, 3.91667, 0.98333],
			"color": 0,
			"children": [
				{
					"name": "h_shroom",
					"origin": [0, 9.83333, 0],
					"color": 0,
					"children": [0, 1, 2]
				},
				3,
				4,
				5,
				{
					"name": "right_leg",
					"origin": [3, 2.91667, -0.01667],
					"rotation": [-10, 0, 0],
					"color": 0,
					"children": [6]
				},
				{
					"name": "left_leg",
					"origin": [-3, 2.91667, -0.01667],
					"rotation": [-10, 0, 0],
					"color": 0,
					"children": [7]
				},
				{
					"name": "h_right_arm",
					"origin": [6, 6.91667, 0.48333],
					"rotation": [-15, 0, 30],
					"color": 0,
					"children": [8]
				},
				{
					"name": "h_left_arm",
					"origin": [-6, 6.91667, 0.48333],
					"rotation": [-15, 0, -30],
					"color": 0,
					"children": [9]
				}
			]
		}
	]
}