{
	"credit": "Made with Blockbench",
	"texture_size": [64, 64],
	"textures": {
		"0": "modelengine:entity/bulbcacti",
		"particle": "modelengine:entity/bulbcacti"
	},
	"elements": [
		{
			"from": [2, 1.91667, 1.98333],
			"to": [14, 9.91667, 11.98333],
			"rotation": {"angle": 0, "axis": "y", "origin": [8, 8.91667, 6.98333]},
			"faces": {
				"north": {"uv": [3, 0, 6, 2], "texture": "#0"},
				"east": {"uv": [3, 4, 5.5, 6], "texture": "#0"},
				"south": {"uv": [3, 2, 6, 4], "texture": "#0"},
				"west": {"uv": [0, 5, 2.5, 7], "texture": "#0"},
				"up": {"uv": [3, 2.5, 0, 0], "texture": "#0"},
				"down": {"uv": [3, 2.5, 0, 5], "texture": "#0"}
			}
		},
		{
			"from": [5, 10, 3],
			"to": [5, 21, 4],
			"rotation": {"angle": 45, "axis": "y", "origin": [5, 16, 4]},
			"faces": {
				"north": {"uv": [0, 0, 0, 3], "texture": "#0", "tintindex": 0},
				"east": {"uv": [0.25, 8.5, 0, 11.5], "texture": "#0", "tintindex": 0},
				"south": {"uv": [0, 0, 0, 3], "texture": "#0", "tintindex": 0},
				"west": {"uv": [0.25, 8.5, 0, 11.5], "texture": "#0", "tintindex": 0},
				"up": {"uv": [0, 0, 0, 0.25], "texture": "#0", "tintindex": 0},
				"down": {"uv": [0, 0, 0, 0.25], "texture": "#0", "tintindex": 0}
			}
		},
		{
			"from": [5, 10, 10],
			"to": [5, 21, 11],
			"rotation": {"angle": -45, "axis": "y", "origin": [5, 16, 10]},
			"faces": {
				"north": {"uv": [0, 0, 0, 3], "texture": "#0", "tintindex": 0},
				"east": {"uv": [0, 8.5, 0.25, 11.5], "texture": "#0", "tintindex": 0},
				"south": {"uv": [0, 0, 0, 3], "texture": "#0", "tintindex": 0},
				"west": {"uv": [0, 8.5, 0.25, 11.5], "texture": "#0", "tintindex": 0},
				"up": {"uv": [0, 0.25, 0, 0], "texture": "#0", "tintindex": 0},
				"down": {"uv": [0, 0.25, 0, 0], "texture": "#0", "tintindex": 0}
			}
		},
		{
			"from": [3, 22, 4],
			"to": [7, 22, 10],
			"rotation": {"angle": -22.5, "axis": "z", "origin": [8, 22, 7]},
			"faces": {
				"north": {"uv": [0, 0, 1.25, 0], "texture": "#0", "tintindex": 0},
				"east": {"uv": [0, 0, 1.5, 0], "texture": "#0", "tintindex": 0},
				"south": {"uv": [0, 0, 1.25, 0], "texture": "#0", "tintindex": 0},
				"west": {"uv": [0, 0, 1.5, 0], "texture": "#0", "tintindex": 0},
				"up": {"uv": [8.5, 3.25, 10, 4.5], "rotation": 90, "texture": "#0", "tintindex": 0},
				"down": {"uv": [8.5, 4.75, 10, 6], "rotation": 270, "texture": "#0", "tintindex": 0}
			}
		},
		{
			"from": [9, 22, 4],
			"to": [13, 22, 10],
			"rotation": {"angle": 22.5, "axis": "z", "origin": [8, 22, 7]},
			"faces": {
				"north": {"uv": [0, 0, 1.25, 0], "texture": "#0", "tintindex": 0},
				"east": {"uv": [0, 0, 1.5, 0], "texture": "#0", "tintindex": 0},
				"south": {"uv": [0, 0, 1.25, 0], "texture": "#0", "tintindex": 0},
				"west": {"uv": [0, 0, 1.5, 0], "texture": "#0", "tintindex": 0},
				"up": {"uv": [8.5, 3.25, 10, 4.5], "rotation": 270, "texture": "#0", "tintindex": 0},
				"down": {"uv": [8.5, 4.75, 10, 6], "rotation": 90, "texture": "#0", "tintindex": 0}
			}
		},
		{
			"from": [5, 22, 2],
			"to": [11, 22, 6],
			"rotation": {"angle": 22.5, "axis": "x", "origin": [8, 22, 6]},
			"faces": {
				"north": {"uv": [0, 0, 1.5, 0], "texture": "#0", "tintindex": 0},
				"east": {"uv": [0, 0, 1.25, 0], "texture": "#0", "tintindex": 0},
				"south": {"uv": [0, 0, 1.5, 0], "texture": "#0", "tintindex": 0},
				"west": {"uv": [0, 0, 1.25, 0], "texture": "#0", "tintindex": 0},
				"up": {"uv": [8.5, 3.25, 10, 4.5], "rotation": 180, "texture": "#0", "tintindex": 0},
				"down": {"uv": [8.5, 4.75, 10, 6], "rotation": 180, "texture": "#0", "tintindex": 0}
			}
		},
		{
			"from": [11, 10, 3],
			"to": [11, 21, 4],
			"rotation": {"angle": -45, "axis": "y", "origin": [11, 16, 4]},
			"faces": {
				"north": {"uv": [0, 0, 0, 3], "texture": "#0", "tintindex": 0},
				"east": {"uv": [0, 8.5, 0.25, 11.5], "texture": "#0", "tintindex": 0},
				"south": {"uv": [0, 0, 0, 3], "texture": "#0", "tintindex": 0},
				"west": {"uv": [0, 8.5, 0.25, 11.5], "texture": "#0", "tintindex": 0},
				"up": {"uv": [0, 0, 0, 0.25], "texture": "#0", "tintindex": 0},
				"down": {"uv": [0, 0, 0, 0.25], "texture": "#0", "tintindex": 0}
			}
		},
		{
			"from": [5, 10, 4],
			"to": [11, 22, 10],
			"rotation": {"angle": 0, "axis": "y", "origin": [8, 1, 7]},
			"faces": {
				"north": {"uv": [5.5, 4, 7, 7.25], "texture": "#0", "tintindex": 0},
				"east": {"uv": [6, 0, 7.5, 3.25], "texture": "#0", "tintindex": 0},
				"south": {"uv": [2.5, 6, 4, 9.25], "texture": "#0", "tintindex": 0},
				"west": {"uv": [4, 6, 5.5, 9.25], "texture": "#0", "tintindex": 0},
				"up": {"uv": [1.5, 8.5, 0, 7], "texture": "#0", "tintindex": 0},
				"down": {"uv": [8.5, 3.25, 7, 4.75], "texture": "#0", "tintindex": 0}
			}
		},
		{
			"from": [7, 22, 6],
			"to": [9, 23, 8],
			"rotation": {"angle": 0, "axis": "y", "origin": [8, 10, 7]},
			"faces": {
				"north": {"uv": [8.25, 0.5, 8.75, 0.75], "texture": "#0", "tintindex": 0},
				"east": {"uv": [8, 1.25, 8.5, 1.5], "texture": "#0", "tintindex": 0},
				"south": {"uv": [8.25, 0.25, 8.75, 0.5], "texture": "#0", "tintindex": 0},
				"west": {"uv": [8.25, 0, 8.75, 0.25], "texture": "#0", "tintindex": 0},
				"up": {"uv": [9, 0, 9.5, 0.5], "texture": "#0", "tintindex": 0},
				"down": {"uv": [9, 0.5, 9.5, 1], "texture": "#0", "tintindex": 0}
			}
		},
		{
			"from": [5, 22, 8],
			"to": [11, 22, 12],
			"rotation": {"angle": -22.5, "axis": "x", "origin": [8, 22, 8]},
			"faces": {
				"north": {"uv": [0, 0, 1.5, 0], "texture": "#0", "tintindex": 0},
				"east": {"uv": [0, 0, 1.25, 0], "texture": "#0", "tintindex": 0},
				"south": {"uv": [0, 0, 1.5, 0], "texture": "#0", "tintindex": 0},
				"west": {"uv": [0, 0, 1.25, 0], "texture": "#0", "tintindex": 0},
				"up": {"uv": [8.5, 3.25, 10, 4.5], "texture": "#0", "tintindex": 0},
				"down": {"uv": [8.5, 4.75, 10, 6], "texture": "#0", "tintindex": 0}
			}
		},
		{
			"from": [11, 10, 10],
			"to": [11, 21, 11],
			"rotation": {"angle": 45, "axis": "y", "origin": [11, 16, 10]},
			"faces": {
				"north": {"uv": [0, 0, 0, 3], "texture": "#0", "tintindex": 0},
				"east": {"uv": [0.25, 8.5, 0, 11.5], "texture": "#0", "tintindex": 0},
				"south": {"uv": [0, 0, 0, 3], "texture": "#0", "tintindex": 0},
				"west": {"uv": [0.25, 8.5, 0, 11.5], "texture": "#0", "tintindex": 0},
				"up": {"uv": [0, 0.25, 0, 0], "texture": "#0", "tintindex": 0},
				"down": {"uv": [0, 0.25, 0, 0], "texture": "#0", "tintindex": 0}
			}
		},
		{
			"from": [10, 5.91667, 0.98333],
			"to": [13, 8.91667, 1.98333],
			"rotation": {"angle": 0, "axis": "y", "origin": [8, 8.91667, 6.98333]},
			"faces": {
				"north": {"uv": [7.5, 0, 8.25, 0.75], "texture": "#0"},
				"east": {"uv": [6.75, 3.25, 7, 4], "texture": "#0"},
				"south": {"uv": [7.5, 0, 8.25, 0.75], "texture": "#0"},
				"west": {"uv": [6.75, 3.25, 7, 4], "texture": "#0"},
				"up": {"uv": [8.25, 3.25, 7.5, 3], "texture": "#0"},
				"down": {"uv": [8.25, 3, 7.5, 3.25], "texture": "#0"}
			}
		},
		{
			"from": [3, 5.91667, 0.98333],
			"to": [6, 8.91667, 1.98333],
			"rotation": {"angle": 0, "axis": "y", "origin": [8, 8.91667, 6.98333]},
			"faces": {
				"north": {"uv": [8.25, 0, 7.5, 0.75], "texture": "#0"},
				"east": {"uv": [7, 3.25, 6.75, 4], "texture": "#0"},
				"south": {"uv": [8.25, 0, 7.5, 0.75], "texture": "#0"},
				"west": {"uv": [7, 3.25, 6.75, 4], "texture": "#0"},
				"up": {"uv": [7.5, 3.25, 8.25, 3], "texture": "#0"},
				"down": {"uv": [7.5, 3, 8.25, 3.25], "texture": "#0"}
			}
		},
		{
			"from": [10, -0.08333, 5.98333],
			"to": [12, 2.91667, 8.98333],
			"rotation": {"angle": 0, "axis": "y", "origin": [0, 8.91667, -0.01667]},
			"faces": {
				"north": {"uv": [7.5, 1.5, 8, 2.25], "texture": "#0"},
				"east": {"uv": [6, 3.25, 6.75, 4], "texture": "#0"},
				"south": {"uv": [7.5, 6, 8, 6.75], "texture": "#0"},
				"west": {"uv": [6, 3.25, 6.75, 4], "texture": "#0"},
				"up": {"uv": [9.25, 12, 8.75, 11.25], "texture": "#0"},
				"down": {"uv": [8, 6, 7.5, 6.75], "texture": "#0"}
			}
		},
		{
			"from": [4, -0.08333, 5.98333],
			"to": [6, 2.91667, 8.98333],
			"rotation": {"angle": 0, "axis": "y", "origin": [0, 8.91667, -0.01667]},
			"faces": {
				"north": {"uv": [8, 1.5, 7.5, 2.25], "texture": "#0"},
				"east": {"uv": [6.75, 3.25, 6, 4], "texture": "#0"},
				"south": {"uv": [8, 6, 7.5, 6.75], "texture": "#0"},
				"west": {"uv": [6.75, 3.25, 6, 4], "texture": "#0"},
				"up": {"uv": [8.75, 12, 9.25, 11.25], "texture": "#0"},
				"down": {"uv": [7.5, 6, 8, 6.75], "texture": "#0"}
			}
		},
		{
			"from": [13, 1.91667, 5.98333],
			"to": [15, 6.91667, 8.98333],
			"rotation": {"angle": 0, "axis": "y", "origin": [-1, 8.91667, -0.01667]},
			"faces": {
				"north": {"uv": [5.5, 7.25, 6, 8.5], "texture": "#0"},
				"east": {"uv": [1.5, 7, 2.25, 8.25], "texture": "#0"},
				"south": {"uv": [7, 6, 7.5, 7.25], "texture": "#0"},
				"west": {"uv": [7, 4.75, 7.75, 6], "texture": "#0"},
				"up": {"uv": [8, 6.75, 7.5, 6], "texture": "#0"},
				"down": {"uv": [6, 7.75, 5.5, 8.5], "texture": "#0"}
			}
		},
		{
			"from": [1, 1.91667, 5.98333],
			"to": [3, 6.91667, 8.98333],
			"rotation": {"angle": 0, "axis": "y", "origin": [1, 8.91667, -0.01667]},
			"faces": {
				"north": {"uv": [6, 7.25, 5.5, 8.5], "texture": "#0"},
				"east": {"uv": [7.75, 4.75, 7, 6], "texture": "#0"},
				"south": {"uv": [7.5, 6, 7, 7.25], "texture": "#0"},
				"west": {"uv": [2.25, 7, 1.5, 8.25], "texture": "#0"},
				"up": {"uv": [7.5, 6.75, 8, 6], "texture": "#0"},
				"down": {"uv": [5.5, 7.75, 6, 8.5], "texture": "#0"}
			}
		}
	],
	"display": {
		"gui": {
			"rotation": [-15, -180, -10],
			"translation": [0, -1.75, 0],
			"scale": [0.7, 0.7, 0.7]
		}
	},
	"groups": [
		{
			"name": "h_bulb",
			"origin": [0, 3.91667, 0.98333],
			"color": 0,
			"children": [
				0,
				{
					"name": "h_cacti",
					"origin": [0, 12.85, 0],
					"color": 0,
					"children": [1, 2, 3, 4, 5, 6, 7, 8, 9, 10]
				},
				11,
				12,
				{
					"name": "right_leg",
					"origin": [3, 2.91667, -0.01667],
					"rotation": [-10, 0, 0],
					"color": 0,
					"children": [13]
				},
				{
					"name": "left_leg",
					"origin": [-3, 2.91667, -0.01667],
					"rotation": [-10, 0, 0],
					"color": 0,
					"children": [14]
				},
				{
					"name": "h_right_arm",
					"origin": [6, 6.91667, 0.48333],
					"rotation": [-15, 0, 30],
					"color": 0,
					"children": [15]
				},
				{
					"name": "h_left_arm",
					"origin": [-6, 6.91667, 0.48333],
					"rotation": [-15, 0, -30],
					"color": 0,
					"children": [16]
				}
			]
		}
	]
}