{
	"texture_size": [64, 64],
	"textures": {
		"1": "custom/skins/owlsdev/payback/payback_bow"
	},
	"elements": [
		{
			"from": [7, 5.75, 7],
			"to": [9, 13.75, 9],
			"rotation": {"angle": 0, "axis": "y", "origin": [14.01, 7.24, 7.99]},
			"faces": {
				"north": {"uv": [4.5, 2, 5, 4], "texture": "#1"},
				"east": {"uv": [4.5, 4, 5, 6], "texture": "#1"},
				"south": {"uv": [5, 2, 5.5, 4], "texture": "#1"},
				"west": {"uv": [5, 4, 5.5, 6], "texture": "#1"},
				"up": {"uv": [8.5, 9.25, 8, 8.75], "texture": "#1"},
				"down": {"uv": [9.25, 8, 8.75, 8.5], "texture": "#1"}
			}
		},
		{
			"from": [3.96, 6.46, 7.46],
			"to": [7.04, 8.54, 8.54],
			"rotation": {"angle": 22.5, "axis": "z", "origin": [5, 7.5, 8]},
			"faces": {
				"north": {"uv": [8.5, 7, 9.25, 7.5], "texture": "#1"},
				"east": {"uv": [1.75, 8.25, 2, 8.75], "texture": "#1"},
				"south": {"uv": [8.5, 7.5, 9.25, 8], "texture": "#1"},
				"west": {"uv": [2.75, 9.75, 3, 10.25], "texture": "#1"},
				"up": {"uv": [10.5, 2.25, 9.75, 2], "texture": "#1"},
				"down": {"uv": [10.5, 3.25, 9.75, 3.5], "texture": "#1"}
			}
		},
		{
			"from": [6.15007, 3.45264, 7.02],
			"to": [8.11007, 6.41264, 8.98],
			"rotation": {"angle": 0, "axis": "y", "origin": [7.13007, 4.23264, 8]},
			"faces": {
				"north": {"uv": [4.5, 8.25, 5, 9], "texture": "#1"},
				"east": {"uv": [8.25, 5, 8.75, 5.75], "texture": "#1"},
				"south": {"uv": [8.25, 8, 8.75, 8.75], "texture": "#1"},
				"west": {"uv": [5, 8.5, 5.5, 9.25], "texture": "#1"},
				"up": {"uv": [9, 9.25, 8.5, 8.75], "texture": "#1"},
				"down": {"uv": [0.5, 9, 0, 9.5], "texture": "#1"}
			}
		},
		{
			"from": [5.33544, 4.7704, 6.94],
			"to": [7.45544, 8.8904, 9.06],
			"rotation": {"angle": -22.5, "axis": "z", "origin": [6.39544, 6.8304, 8]},
			"faces": {
				"north": {"uv": [3.5, 8, 4, 9], "texture": "#1"},
				"east": {"uv": [8.25, 0, 8.75, 1], "texture": "#1"},
				"south": {"uv": [0.75, 8.25, 1.25, 9.25], "texture": "#1"},
				"west": {"uv": [1.25, 8.25, 1.75, 9.25], "texture": "#1"},
				"up": {"uv": [9.5, 1.25, 9, 0.75], "texture": "#1"},
				"down": {"uv": [3.75, 9, 3.25, 9.5], "texture": "#1"}
			}
		},
		{
			"from": [7.45184, 0.95824, 7.02],
			"to": [9.41184, 2.91824, 8.98],
			"rotation": {"angle": -22.5, "axis": "z", "origin": [8.83184, 1.58824, 8]},
			"faces": {
				"north": {"uv": [4.5, 9, 5, 9.5], "texture": "#1"},
				"east": {"uv": [9, 5.75, 9.5, 6.25], "texture": "#1"},
				"south": {"uv": [9, 8.5, 9.5, 9], "texture": "#1"},
				"west": {"uv": [9, 9, 9.5, 9.5], "texture": "#1"},
				"up": {"uv": [9.75, 0.5, 9.25, 0], "texture": "#1"},
				"down": {"uv": [1, 9.25, 0.5, 9.75], "texture": "#1"}
			}
		},
		{
			"from": [10.45184, -2.64176, 7.02],
			"to": [12.41184, -0.68176, 8.98],
			"rotation": {"angle": 0, "axis": "y", "origin": [11.08184, -1.41176, 7]},
			"faces": {
				"north": {"uv": [2, 9.25, 2.5, 9.75], "texture": "#1"},
				"east": {"uv": [2.5, 9.25, 3, 9.75], "texture": "#1"},
				"south": {"uv": [9.25, 3.25, 9.75, 3.75], "texture": "#1"},
				"west": {"uv": [3.75, 9.25, 4.25, 9.75], "texture": "#1"},
				"up": {"uv": [9.75, 4.25, 9.25, 3.75], "texture": "#1"},
				"down": {"uv": [9.75, 4.25, 9.25, 4.75], "texture": "#1"}
			}
		},
		{
			"from": [9.31141, -5.83023, 7],
			"to": [11.31141, 0.16977, 9],
			"rotation": {"angle": 45, "axis": "z", "origin": [9.31141, 0.16977, 7.001]},
			"faces": {
				"north": {"uv": [5, 6, 5.5, 7.5], "texture": "#1"},
				"east": {"uv": [6, 5.5, 6.5, 7], "texture": "#1"},
				"south": {"uv": [0, 6.5, 0.5, 8], "texture": "#1"},
				"west": {"uv": [6.5, 0, 7, 1.5], "texture": "#1"},
				"up": {"uv": [2, 9.75, 1.5, 9.25], "texture": "#1"},
				"down": {"uv": [9.75, 1.75, 9.25, 2.25], "texture": "#1"}
			}
		},
		{
			"from": [7.00613, -0.28082, 6.98],
			"to": [9.04613, 5.75918, 9.02],
			"rotation": {"angle": 22.5, "axis": "z", "origin": [7.02613, 5.73918, 7.98]},
			"faces": {
				"north": {"uv": [5.5, 4, 6, 5.5], "texture": "#1"},
				"east": {"uv": [5.5, 5.5, 6, 7], "texture": "#1"},
				"south": {"uv": [6, 4, 6.5, 5.5], "texture": "#1"},
				"west": {"uv": [4.5, 6, 5, 7.5], "texture": "#1"},
				"up": {"uv": [1.5, 9.75, 1, 9.25], "texture": "#1"},
				"down": {"uv": [9.75, 1.25, 9.25, 1.75], "texture": "#1"}
			}
		},
		{
			"from": [6.15007, 13.08736, 7.02],
			"to": [8.11007, 16.04736, 8.98],
			"rotation": {"angle": 0, "axis": "y", "origin": [7.13007, 15.26736, 8]},
			"faces": {
				"north": {"uv": [6, 8.75, 6.5, 9.5], "texture": "#1"},
				"east": {"uv": [6.5, 8.75, 7, 9.5], "texture": "#1"},
				"south": {"uv": [7, 8.75, 7.5, 9.5], "texture": "#1"},
				"west": {"uv": [7.5, 8.75, 8, 9.5], "texture": "#1"},
				"up": {"uv": [10.25, 2, 9.75, 1.5], "texture": "#1"},
				"down": {"uv": [2.5, 9.75, 2, 10.25], "texture": "#1"}
			}
		},
		{
			"from": [13.52909, 22.20324, 6.98],
			"to": [15.56909, 24.24324, 9.02],
			"rotation": {"angle": -22.5, "axis": "z", "origin": [15.05909, 23.71324, 7.99]},
			"faces": {
				"north": {"uv": [9.5, 9.25, 10, 9.75], "texture": "#1"},
				"east": {"uv": [9.75, 0, 10.25, 0.5], "texture": "#1"},
				"south": {"uv": [0.5, 9.75, 1, 10.25], "texture": "#1"},
				"west": {"uv": [1, 9.75, 1.5, 10.25], "texture": "#1"},
				"up": {"uv": [10.25, 1.5, 9.75, 1], "texture": "#1"},
				"down": {"uv": [2, 9.75, 1.5, 10.25], "texture": "#1"}
			}
		},
		{
			"from": [8, 20.9, 8],
			"to": [17, 25.9, 8],
			"rotation": {"angle": 22.5, "axis": "z", "origin": [13.5, 22.4, 8]},
			"faces": {
				"north": {"uv": [0, 2.75, 2.25, 4], "texture": "#1"},
				"east": {"uv": [0, 0, 0, 1.25], "texture": "#1"},
				"south": {"uv": [2.25, 2.75, 4.5, 4], "texture": "#1"},
				"west": {"uv": [0, 0, 0, 1.25], "texture": "#1"},
				"up": {"uv": [2.25, 0, 0, 0], "texture": "#1"},
				"down": {"uv": [2.25, 0, 0, 0], "texture": "#1"}
			}
		},
		{
			"from": [10.45184, 20.18176, 7.02],
			"to": [12.41184, 22.14176, 8.98],
			"rotation": {"angle": 0, "axis": "y", "origin": [11.08184, 20.91176, 7]},
			"faces": {
				"north": {"uv": [6.5, 9.5, 7, 10], "texture": "#1"},
				"east": {"uv": [7, 9.5, 7.5, 10], "texture": "#1"},
				"south": {"uv": [7.5, 9.5, 8, 10], "texture": "#1"},
				"west": {"uv": [9.5, 8.25, 10, 8.75], "texture": "#1"},
				"up": {"uv": [10, 9.25, 9.5, 8.75], "texture": "#1"},
				"down": {"uv": [9.5, 9.5, 9, 10], "texture": "#1"}
			}
		},
		{
			"from": [9.31141, 19.33023, 7],
			"to": [11.31141, 25.33023, 9],
			"rotation": {"angle": -45, "axis": "z", "origin": [9.31141, 19.33023, 7.001]},
			"faces": {
				"north": {"uv": [6.5, 5.75, 7, 7.25], "texture": "#1"},
				"east": {"uv": [7, 0, 7.5, 1.5], "texture": "#1"},
				"south": {"uv": [7, 2.75, 7.5, 4.25], "texture": "#1"},
				"west": {"uv": [7, 4.25, 7.5, 5.75], "texture": "#1"},
				"up": {"uv": [10, 6.25, 9.5, 5.75], "texture": "#1"},
				"down": {"uv": [6.5, 9.5, 6, 10], "texture": "#1"}
			}
		},
		{
			"from": [7.45184, 16.58176, 7.02],
			"to": [9.41184, 18.54176, 8.98],
			"rotation": {"angle": 22.5, "axis": "z", "origin": [8.83184, 17.91176, 8]},
			"faces": {
				"north": {"uv": [9.5, 2.25, 10, 2.75], "texture": "#1"},
				"east": {"uv": [9.5, 2.75, 10, 3.25], "texture": "#1"},
				"south": {"uv": [3, 9.5, 3.5, 10], "texture": "#1"},
				"west": {"uv": [4.25, 9.5, 4.75, 10], "texture": "#1"},
				"up": {"uv": [10, 5.25, 9.5, 4.75], "texture": "#1"},
				"down": {"uv": [10, 5.25, 9.5, 5.75], "texture": "#1"}
			}
		},
		{
			"from": [7.00613, 13.74082, 6.98],
			"to": [9.04613, 19.78082, 9.02],
			"rotation": {"angle": -22.5, "axis": "z", "origin": [7.02613, 13.76082, 7.98]},
			"faces": {
				"north": {"uv": [6.5, 2.75, 7, 4.25], "texture": "#1"},
				"east": {"uv": [3, 6.5, 3.5, 8], "texture": "#1"},
				"south": {"uv": [3.5, 6.5, 4, 8], "texture": "#1"},
				"west": {"uv": [6.5, 4.25, 7, 5.75], "texture": "#1"},
				"up": {"uv": [0.5, 10, 0, 9.5], "texture": "#1"},
				"down": {"uv": [10, 0.5, 9.5, 1], "texture": "#1"}
			}
		},
		{
			"from": [8.56, 10.91711, 7.46],
			"to": [11.64, 13.99711, 8.54],
			"rotation": {"angle": 45, "axis": "z", "origin": [10, 12.45711, 8]},
			"faces": {
				"north": {"uv": [2, 8, 2.75, 8.75], "texture": "#1"},
				"east": {"uv": [4.75, 9.5, 5, 10.25], "texture": "#1"},
				"south": {"uv": [2.75, 8, 3.5, 8.75], "texture": "#1"},
				"west": {"uv": [2.5, 9.75, 2.75, 10.5], "texture": "#1"},
				"up": {"uv": [10.5, 4.75, 9.75, 4.5], "texture": "#1"},
				"down": {"uv": [5.75, 9.75, 5, 10], "texture": "#1"}
			}
		},
		{
			"from": [7.46, 9.91711, 6.96],
			"to": [10.54, 12.99711, 9.04],
			"rotation": {"angle": 22.5, "axis": "z", "origin": [9, 11.45711, 8]},
			"faces": {
				"north": {"uv": [7.75, 6.5, 8.5, 7.25], "texture": "#1"},
				"east": {"uv": [8.75, 3.25, 9.25, 4], "texture": "#1"},
				"south": {"uv": [7.75, 7.25, 8.5, 8], "texture": "#1"},
				"west": {"uv": [8.75, 4, 9.25, 4.75], "texture": "#1"},
				"up": {"uv": [9.5, 5.25, 8.75, 4.75], "texture": "#1"},
				"down": {"uv": [9.5, 5.25, 8.75, 5.75], "texture": "#1"}
			}
		},
		{
			"from": [6.52, 10.27, 6.52],
			"to": [9.48, 13.23, 9.48],
			"rotation": {"angle": 45, "axis": "z", "origin": [8, 11.75, 8]},
			"faces": {
				"north": {"uv": [7.5, 3.5, 8.25, 4.25], "texture": "#1"},
				"east": {"uv": [7.5, 4.25, 8.25, 5], "texture": "#1"},
				"south": {"uv": [4.5, 7.5, 5.25, 8.25], "texture": "#1"},
				"west": {"uv": [7.5, 5, 8.25, 5.75], "texture": "#1"},
				"up": {"uv": [6, 8.5, 5.25, 7.75], "texture": "#1"},
				"down": {"uv": [8.5, 5.75, 7.75, 6.5], "texture": "#1"}
			}
		},
		{
			"from": [5.33544, 10.6096, 6.94],
			"to": [7.45544, 14.7296, 9.06],
			"rotation": {"angle": 22.5, "axis": "z", "origin": [6.39544, 12.6696, 8]},
			"faces": {
				"north": {"uv": [8.25, 2, 8.75, 3], "texture": "#1"},
				"east": {"uv": [8.25, 3, 8.75, 4], "texture": "#1"},
				"south": {"uv": [4, 8.25, 4.5, 9.25], "texture": "#1"},
				"west": {"uv": [8.25, 4, 8.75, 5], "texture": "#1"},
				"up": {"uv": [8.5, 9.75, 8, 9.25], "texture": "#1"},
				"down": {"uv": [9, 9.25, 8.5, 9.75], "texture": "#1"}
			}
		},
		{
			"from": [3.96, 10.96, 7.46],
			"to": [7.04, 13.04, 8.54],
			"rotation": {"angle": -22.5, "axis": "z", "origin": [5, 12, 8]},
			"faces": {
				"north": {"uv": [2.5, 8.75, 3.25, 9.25], "texture": "#1"},
				"east": {"uv": [3.75, 9.75, 4, 10.25], "texture": "#1"},
				"south": {"uv": [8.75, 2.75, 9.5, 3.25], "texture": "#1"},
				"west": {"uv": [4, 9.75, 4.25, 10.25], "texture": "#1"},
				"up": {"uv": [10.5, 4.25, 9.75, 4], "texture": "#1"},
				"down": {"uv": [10.5, 4.25, 9.75, 4.5], "texture": "#1"}
			}
		},
		{
			"name": "string-low",
			"from": [13.45241, -2.62301, 8.002],
			"to": [14.45241, 10.37699, 8.002],
			"rotation": {"angle": 0, "axis": "y", "origin": [13.95241, -2.12301, 8.002]},
			"faces": {
				"north": {"uv": [4.25, 4, 4.5, 8.25], "texture": "#1"},
				"east": {"uv": [0, 0, 0, 4.25], "texture": "#1"},
				"south": {"uv": [4.25, 4, 4.5, 8.25], "texture": "#1"},
				"west": {"uv": [0, 0, 0, 4.25], "texture": "#1"},
				"up": {"uv": [0.25, 0, 0, 0], "texture": "#1"},
				"down": {"uv": [0.25, 0, 0, 0], "texture": "#1"}
			}
		},
		{
			"name": "string-high",
			"from": [13.45241, 10.12301, 8.001],
			"to": [14.45241, 22.12301, 8.001],
			"rotation": {"angle": 0, "axis": "y", "origin": [13.95241, 21.62301, 8.001]},
			"faces": {
				"north": {"uv": [8.75, 1.75, 4.5, 2], "rotation": 270, "texture": "#1"},
				"east": {"uv": [4.25, 0, 0, 0], "rotation": 90, "texture": "#1"},
				"south": {"uv": [4.5, 1.75, 8.75, 2], "rotation": 90, "texture": "#1"},
				"west": {"uv": [4.25, 0, 0, 0], "rotation": 90, "texture": "#1"},
				"up": {"uv": [0, 0, 0, 0.25], "rotation": 90, "texture": "#1"},
				"down": {"uv": [0, 0, 0, 0.25], "rotation": 90, "texture": "#1"}
			}
		},
		{
			"name": "arrow",
			"from": [-9.54759, 8.25, 8.001],
			"to": [16.45241, 11.25, 8.001],
			"rotation": {"angle": 22.5, "axis": "x", "origin": [8.95241, 9.87301, 8.001]},
			"faces": {
				"north": {"uv": [0, 0, 6.5, 0.75], "texture": "#1"},
				"east": {"uv": [0, 0, 0, 0.75], "texture": "#1"},
				"south": {"uv": [0, 0.75, 6.5, 1.5], "texture": "#1"},
				"west": {"uv": [0, 0, 0, 0.75], "texture": "#1"},
				"up": {"uv": [6.5, 0, 0, 0], "texture": "#1"},
				"down": {"uv": [6.5, 0, 0, 0], "texture": "#1"}
			}
		},
		{
			"from": [13.52909, -4.74324, 6.98],
			"to": [15.56909, -2.70324, 9.02],
			"rotation": {"angle": 22.5, "axis": "z", "origin": [15.05909, -4.21324, 7.99]},
			"faces": {
				"north": {"uv": [5, 9.25, 5.5, 9.75], "texture": "#1"},
				"east": {"uv": [5.5, 9.25, 6, 9.75], "texture": "#1"},
				"south": {"uv": [9.25, 6.25, 9.75, 6.75], "texture": "#1"},
				"west": {"uv": [9.25, 6.75, 9.75, 7.25], "texture": "#1"},
				"up": {"uv": [9.75, 7.75, 9.25, 7.25], "texture": "#1"},
				"down": {"uv": [9.75, 7.75, 9.25, 8.25], "texture": "#1"}
			}
		},
		{
			"from": [8, -6.4, 8],
			"to": [17, -1.4, 8],
			"rotation": {"angle": -22.5, "axis": "z", "origin": [13.5, -2.9, 8]},
			"faces": {
				"north": {"uv": [0, 1.5, 2.25, 2.75], "texture": "#1"},
				"east": {"uv": [0, 0, 0, 1.25], "texture": "#1"},
				"south": {"uv": [2.25, 1.5, 4.5, 2.75], "texture": "#1"},
				"west": {"uv": [0, 0, 0, 1.25], "texture": "#1"},
				"up": {"uv": [2.25, 0, 0, 0], "texture": "#1"},
				"down": {"uv": [2.25, 0, 0, 0], "texture": "#1"}
			}
		},
		{
			"from": [6.42, 8.19, 6.92],
			"to": [9.58, 11.35, 9.08],
			"rotation": {"angle": 0, "axis": "y", "origin": [8.02, 9.77, -2.98]},
			"faces": {
				"north": {"uv": [5.5, 7, 6.25, 7.75], "texture": "#1"},
				"east": {"uv": [5.5, 8.5, 6, 9.25], "texture": "#1"},
				"south": {"uv": [7, 5.75, 7.75, 6.5], "texture": "#1"},
				"west": {"uv": [8.5, 5.75, 9, 6.5], "texture": "#1"},
				"up": {"uv": [9, 1.5, 8.25, 1], "texture": "#1"},
				"down": {"uv": [9.25, 6.5, 8.5, 7], "texture": "#1"}
			}
		},
		{
			"from": [6, 7.75, 6.5],
			"to": [10, 11.75, 9.5],
			"rotation": {"angle": 0, "axis": "y", "origin": [8, 9.75, 8]},
			"faces": {
				"north": {"uv": [5.5, 2, 6.5, 3], "texture": "#1"},
				"east": {"uv": [0.5, 6.5, 1.25, 7.5], "texture": "#1"},
				"south": {"uv": [5.5, 3, 6.5, 4], "texture": "#1"},
				"west": {"uv": [1.25, 6.5, 2, 7.5], "texture": "#1"},
				"up": {"uv": [3, 7.25, 2, 6.5], "texture": "#1"},
				"down": {"uv": [7.5, 2, 6.5, 2.75], "texture": "#1"}
			}
		},
		{
			"from": [6.5, 8.25, 6.5],
			"to": [6.5, 11.25, 9.5],
			"rotation": {"angle": 0, "axis": "y", "origin": [5.5, 9.75, 8]},
			"faces": {
				"north": {"uv": [0, 0, 0, 0.75], "texture": "#1"},
				"east": {"uv": [6, 8, 6.75, 8.75], "texture": "#1"},
				"south": {"uv": [0, 0, 0, 0.75], "texture": "#1"},
				"west": {"uv": [6.75, 8, 7.5, 8.75], "texture": "#1"},
				"up": {"uv": [0, 0.75, 0, 0], "texture": "#1"},
				"down": {"uv": [0, 0, 0, 0.75], "texture": "#1"}
			}
		},
		{
			"from": [9.5, 8.25, 6.5],
			"to": [9.5, 11.25, 9.5],
			"rotation": {"angle": 0, "axis": "y", "origin": [8.5, 9.75, 8]},
			"faces": {
				"north": {"uv": [0, 0, 0, 0.75], "texture": "#1"},
				"east": {"uv": [7.5, 8, 8.25, 8.75], "texture": "#1"},
				"south": {"uv": [0, 0, 0, 0.75], "texture": "#1"},
				"west": {"uv": [0, 8.25, 0.75, 9], "texture": "#1"},
				"up": {"uv": [0, 0.75, 0, 0], "texture": "#1"},
				"down": {"uv": [0, 0, 0, 0.75], "texture": "#1"}
			}
		},
		{
			"from": [6.52, 6.27, 6.52],
			"to": [9.48, 9.23, 9.48],
			"rotation": {"angle": -45, "axis": "z", "origin": [8, 7.75, 8]},
			"faces": {
				"north": {"uv": [7.5, 0, 8.25, 0.75], "texture": "#1"},
				"east": {"uv": [0.5, 7.5, 1.25, 8.25], "texture": "#1"},
				"south": {"uv": [7.5, 0.75, 8.25, 1.5], "texture": "#1"},
				"west": {"uv": [1.25, 7.5, 2, 8.25], "texture": "#1"},
				"up": {"uv": [8.25, 2.75, 7.5, 2], "texture": "#1"},
				"down": {"uv": [8.25, 2.75, 7.5, 3.5], "texture": "#1"}
			}
		},
		{
			"from": [7.46, 6.50289, 6.96],
			"to": [10.54, 9.58289, 9.04],
			"rotation": {"angle": -22.5, "axis": "z", "origin": [9, 8.04289, 8]},
			"faces": {
				"north": {"uv": [7, 6.5, 7.75, 7.25], "texture": "#1"},
				"east": {"uv": [8.75, 0, 9.25, 0.75], "texture": "#1"},
				"south": {"uv": [2, 7.25, 2.75, 8], "texture": "#1"},
				"west": {"uv": [8.75, 1.5, 9.25, 2.25], "texture": "#1"},
				"up": {"uv": [2.5, 9.25, 1.75, 8.75], "texture": "#1"},
				"down": {"uv": [9.5, 2.25, 8.75, 2.75], "texture": "#1"}
			}
		},
		{
			"from": [8.56, 5.50289, 7.46],
			"to": [11.64, 8.58289, 8.54],
			"rotation": {"angle": -45, "axis": "z", "origin": [10, 7.04289, 8]},
			"faces": {
				"north": {"uv": [6.25, 7.25, 7, 8], "texture": "#1"},
				"east": {"uv": [2.75, 7.25, 3, 8], "texture": "#1"},
				"south": {"uv": [7, 7.25, 7.75, 8], "texture": "#1"},
				"west": {"uv": [3.5, 9.5, 3.75, 10.25], "texture": "#1"},
				"up": {"uv": [10.5, 3.75, 9.75, 3.5], "texture": "#1"},
				"down": {"uv": [10.5, 3.75, 9.75, 4], "texture": "#1"}
			}
		},
		{
			"from": [3.36325, 10.59461, 8.039],
			"to": [7.36325, 20.59461, 8.039],
			"rotation": {"angle": -22.5, "axis": "z", "origin": [5.36325, 15.59461, 8.039]},
			"faces": {
				"north": {"uv": [0, 4, 1, 6.5], "texture": "#1"},
				"east": {"uv": [0, 0, 0, 2.5], "texture": "#1"},
				"south": {"uv": [1, 4, 2, 6.5], "texture": "#1"},
				"west": {"uv": [0, 0, 0, 2.5], "texture": "#1"},
				"up": {"uv": [1, 0, 0, 0], "texture": "#1"},
				"down": {"uv": [1, 0, 0, 0], "texture": "#1"}
			}
		},
		{
			"from": [3.36325, -1.09461, 8.039],
			"to": [7.36325, 8.90539, 8.039],
			"rotation": {"angle": 22.5, "axis": "z", "origin": [5.36325, 3.90539, 8.039]},
			"faces": {
				"north": {"uv": [2, 4, 3, 6.5], "texture": "#1"},
				"east": {"uv": [0, 0, 0, 2.5], "texture": "#1"},
				"south": {"uv": [3, 4, 4, 6.5], "texture": "#1"},
				"west": {"uv": [0, 0, 0, 2.5], "texture": "#1"},
				"up": {"uv": [1, 0, 0, 0], "texture": "#1"},
				"down": {"uv": [1, 0, 0, 0], "texture": "#1"}
			}
		}
	],
	"gui_light": "front",
	"display": {
		"thirdperson_righthand": {
			"rotation": [-30, -95, -30],
			"translation": [-1, -0.75, 1.25],
			"scale": [0.6, 0.6, 0.6]
		},
		"thirdperson_lefthand": {
			"rotation": [30, 85, -30],
			"translation": [-1, -0.75, 1.25],
			"scale": [0.6, 0.6, 0.6]
		},
		"firstperson_righthand": {
			"rotation": [15, -90, 0],
			"translation": [0, 2.5, 0.25],
			"scale": [0.6, 0.6, 0.6]
		},
		"firstperson_lefthand": {
			"rotation": [15, 90, 0],
			"translation": [0, 2.5, 0.25],
			"scale": [0.6, 0.6, 0.6]
		},
		"ground": {
			"rotation": [0, 0, -45],
			"translation": [0, 9, 0],
			"scale": [0.5, 0.5, 0.5]
		},
		"gui": {
			"rotation": [0, 0, -45],
			"translation": [-2.75, 1.5, -0.75],
			"scale": [0.6, 0.6, 0.6]
		},
		"head": {
			"rotation": [0, 0, -90],
			"translation": [-1, 9, 0.75],
			"scale": [0.6, 0.6, 0.6]
		},
		"fixed": {
			"rotation": [0, -180, -45],
			"translation": [3.5, 2, -0.75],
			"scale": [0.7, 0.7, 0.7]
		}
	},
	"groups": [
		{
			"name": "bow",
			"origin": [8, 8, 8],
			"color": 0,
			"children": [
				{
					"name": "bow",
					"origin": [8, 8, 8],
					"color": 0,
					"children": [
						{
							"name": "pommel",
							"origin": [8, 8, 8],
							"color": 0,
							"children": []
						},
						{
							"name": "grip",
							"origin": [8, 8, 8],
							"color": 0,
							"children": [
								{
									"name": "handle",
									"origin": [8, 8, 8],
									"color": 0,
									"children": []
								}
							]
						},
						{
							"name": "guard",
							"origin": [8, 8, 8],
							"color": 0,
							"children": [
								{
									"name": "cross-guard",
									"origin": [8, 8, 8],
									"color": 0,
									"children": [
										{
											"name": "gem1",
											"origin": [8, 8, 8],
											"color": 0,
											"children": []
										},
										{
											"name": "gem2",
											"origin": [8, 8, 8],
											"color": 0,
											"children": []
										},
										{
											"name": "blade",
											"origin": [8, 8, 8],
											"color": 0,
											"children": [0, 1, 2, 3, 4, 5, 6, 7, 8, 9, 10, 11, 12, 13, 14, 15, 16, 17, 18, 19]
										}
									]
								}
							]
						}
					]
				},
				{
					"name": "string",
					"origin": [8, 8, 8],
					"color": 0,
					"children": [20, 21]
				},
				{
					"name": "arrow",
					"origin": [8, 8, 8],
					"color": 0,
					"children": [22]
				}
			]
		},
		{
			"name": "pickaxe",
			"origin": [8, 8, 8],
			"color": 0,
			"children": [
				{
					"name": "pommel",
					"origin": [8, 8, 8],
					"color": 0,
					"children": []
				},
				{
					"name": "grip",
					"origin": [8, 8, 8],
					"color": 0,
					"children": [23, 24,
						{
							"name": "handle",
							"origin": [8, 8, 8],
							"color": 0,
							"children": []
						}
					]
				},
				{
					"name": "guard",
					"origin": [8, 8, 8],
					"color": 0,
					"children": [
						{
							"name": "cross-guard",
							"origin": [8, 8, 8],
							"color": 0,
							"children": [
								{
									"name": "gem",
									"origin": [8, 8, 8],
									"color": 0,
									"children": [
										{
											"name": "eye",
											"origin": [22.47039, 10.73, 20],
											"color": 0,
											"children": [25, 26, 27, 28, 29, 30, 31]
										}, 32, 33]
								},
								{
									"name": "blade",
									"origin": [8, 8, 8],
									"color": 0,
									"children": []
								}
							]
						}
					]
				}
			]
		}
	]
}