{
	"texture_size": [64, 64],
	"textures": {
		"1": "custom/skins/owlsdev/payback/payback_crossbow"
	},
	"elements": [
		{
			"from": [7, 5.75, 7],
			"to": [9, 13.75, 9],
			"rotation": {"angle": 0, "axis": "y", "origin": [14.01, 7.24, 7.99]},
			"faces": {
				"north": {"uv": [5.75, 6.25, 6.25, 8.25], "texture": "#1"},
				"east": {"uv": [6.25, 6.25, 6.75, 8.25], "texture": "#1"},
				"south": {"uv": [6.75, 0, 7.25, 2], "texture": "#1"},
				"west": {"uv": [6.75, 2, 7.25, 4], "texture": "#1"},
				"up": {"uv": [7.75, 9.25, 7.25, 8.75], "texture": "#1"},
				"down": {"uv": [10.5, 9.25, 10, 9.75], "texture": "#1"}
			}
		},
		{
			"from": [3.96, 6.46, 7.46],
			"to": [7.04, 8.54, 8.54],
			"rotation": {"angle": 22.5, "axis": "z", "origin": [5, 7.5, 8]},
			"faces": {
				"north": {"uv": [9.75, 6.25, 10.5, 6.75], "texture": "#1"},
				"east": {"uv": [7.75, 2.5, 8, 3], "texture": "#1"},
				"south": {"uv": [9.75, 6.75, 10.5, 7.25], "texture": "#1"},
				"west": {"uv": [6.5, 8.25, 6.75, 8.75], "texture": "#1"},
				"up": {"uv": [10, 4, 9.25, 3.75], "texture": "#1"},
				"down": {"uv": [11.5, 8.5, 10.75, 8.75], "texture": "#1"}
			}
		},
		{
			"from": [6.15007, 3.45264, 7.02],
			"to": [8.11007, 6.41264, 8.98],
			"rotation": {"angle": 0, "axis": "y", "origin": [7.13007, 4.23264, 8]},
			"faces": {
				"north": {"uv": [9.5, 1.5, 10, 2.25], "texture": "#1"},
				"east": {"uv": [2.5, 9.75, 3, 10.5], "texture": "#1"},
				"south": {"uv": [3, 9.75, 3.5, 10.5], "texture": "#1"},
				"west": {"uv": [3.5, 9.75, 4, 10.5], "texture": "#1"},
				"up": {"uv": [10.5, 10.25, 10, 9.75], "texture": "#1"},
				"down": {"uv": [10.75, 0.5, 10.25, 1], "texture": "#1"}
			}
		},
		{
			"from": [5.33544, 4.7704, 6.94],
			"to": [7.45544, 8.8904, 9.06],
			"rotation": {"angle": -22.5, "axis": "z", "origin": [6.39544, 6.8304, 8]},
			"faces": {
				"north": {"uv": [1.5, 8.5, 2, 9.5], "texture": "#1"},
				"east": {"uv": [1.5, 9.5, 2, 10.5], "texture": "#1"},
				"south": {"uv": [6.5, 9.5, 7, 10.5], "texture": "#1"},
				"west": {"uv": [8, 9.5, 8.5, 10.5], "texture": "#1"},
				"up": {"uv": [10.75, 1.5, 10.25, 1], "texture": "#1"},
				"down": {"uv": [6.25, 10.25, 5.75, 10.75], "texture": "#1"}
			}
		},
		{
			"from": [7.45184, 0.95824, 7.02],
			"to": [9.41184, 2.91824, 8.98],
			"rotation": {"angle": -22.5, "axis": "z", "origin": [8.83184, 1.58824, 8]},
			"faces": {
				"north": {"uv": [10.25, 7.25, 10.75, 7.75], "texture": "#1"},
				"east": {"uv": [10.25, 7.75, 10.75, 8.25], "texture": "#1"},
				"south": {"uv": [10.25, 8.25, 10.75, 8.75], "texture": "#1"},
				"west": {"uv": [10, 10.25, 10.5, 10.75], "texture": "#1"},
				"up": {"uv": [0.5, 11, 0, 10.5], "texture": "#1"},
				"down": {"uv": [1, 10.5, 0.5, 11], "texture": "#1"}
			}
		},
		{
			"from": [10.45184, -2.64176, 7.02],
			"to": [12.41184, -0.68176, 8.98],
			"rotation": {"angle": 0, "axis": "y", "origin": [11.08184, -1.41176, 7]},
			"faces": {
				"north": {"uv": [2.5, 10.5, 3, 11], "texture": "#1"},
				"east": {"uv": [10.5, 2.5, 11, 3], "texture": "#1"},
				"south": {"uv": [3, 10.5, 3.5, 11], "texture": "#1"},
				"west": {"uv": [3.5, 10.5, 4, 11], "texture": "#1"},
				"up": {"uv": [4.5, 11, 4, 10.5], "texture": "#1"},
				"down": {"uv": [5, 10.5, 4.5, 11], "texture": "#1"}
			}
		},
		{
			"from": [9.31141, -5.83023, 7],
			"to": [11.31141, 0.16977, 9],
			"rotation": {"angle": 45, "axis": "z", "origin": [9.31141, 0.16977, 7.001]},
			"faces": {
				"north": {"uv": [7.25, 0, 7.75, 1.5], "texture": "#1"},
				"east": {"uv": [7.25, 1.5, 7.75, 3], "texture": "#1"},
				"south": {"uv": [6.75, 7.25, 7.25, 8.75], "texture": "#1"},
				"west": {"uv": [7.25, 7.25, 7.75, 8.75], "texture": "#1"},
				"up": {"uv": [11, 2, 10.5, 1.5], "texture": "#1"},
				"down": {"uv": [11, 2, 10.5, 2.5], "texture": "#1"}
			}
		},
		{
			"from": [7.00613, -0.28082, 6.98],
			"to": [9.04613, 5.75918, 9.02],
			"rotation": {"angle": 22.5, "axis": "z", "origin": [7.02613, 5.73918, 7.98]},
			"faces": {
				"north": {"uv": [0, 7, 0.5, 8.5], "texture": "#1"},
				"east": {"uv": [0.5, 7, 1, 8.5], "texture": "#1"},
				"south": {"uv": [1, 7, 1.5, 8.5], "texture": "#1"},
				"west": {"uv": [1.5, 7, 2, 8.5], "texture": "#1"},
				"up": {"uv": [1.5, 11, 1, 10.5], "texture": "#1"},
				"down": {"uv": [2, 10.5, 1.5, 11], "texture": "#1"}
			}
		},
		{
			"from": [6.15007, 13.08736, 7.02],
			"to": [8.11007, 16.04736, 8.98],
			"rotation": {"angle": 0, "axis": "y", "origin": [7.13007, 15.26736, 8]},
			"faces": {
				"north": {"uv": [10, 4.5, 10.5, 5.25], "texture": "#1"},
				"east": {"uv": [5, 10, 5.5, 10.75], "texture": "#1"},
				"south": {"uv": [10, 5.25, 10.5, 6], "texture": "#1"},
				"west": {"uv": [7, 10, 7.5, 10.75], "texture": "#1"},
				"up": {"uv": [1, 11.5, 0.5, 11], "texture": "#1"},
				"down": {"uv": [1.5, 11, 1, 11.5], "texture": "#1"}
			}
		},
		{
			"from": [13.52909, 22.20324, 6.98],
			"to": [15.56909, 24.24324, 9.02],
			"rotation": {"angle": -22.5, "axis": "z", "origin": [15.05909, 23.71324, 7.99]},
			"faces": {
				"north": {"uv": [10.75, 7.5, 11.25, 8], "texture": "#1"},
				"east": {"uv": [10.75, 8, 11.25, 8.5], "texture": "#1"},
				"south": {"uv": [9.75, 10.75, 10.25, 11.25], "texture": "#1"},
				"west": {"uv": [10.25, 10.75, 10.75, 11.25], "texture": "#1"},
				"up": {"uv": [11.25, 11.25, 10.75, 10.75], "texture": "#1"},
				"down": {"uv": [0.5, 11, 0, 11.5], "texture": "#1"}
			}
		},
		{
			"from": [8, 20.9, 8],
			"to": [17, 25.9, 8],
			"rotation": {"angle": 22.5, "axis": "z", "origin": [13.5, 22.4, 8]},
			"faces": {
				"north": {"uv": [4.5, 4.5, 6.75, 5.75], "texture": "#1"},
				"east": {"uv": [0, 0, 0, 1.25], "texture": "#1"},
				"south": {"uv": [0, 5.75, 2.25, 7], "texture": "#1"},
				"west": {"uv": [0, 0, 0, 1.25], "texture": "#1"},
				"up": {"uv": [2.25, 0, 0, 0], "texture": "#1"},
				"down": {"uv": [2.25, 0, 0, 0], "texture": "#1"}
			}
		},
		{
			"from": [10.45184, 20.18176, 7.02],
			"to": [12.41184, 22.14176, 8.98],
			"rotation": {"angle": 0, "axis": "y", "origin": [11.08184, 20.91176, 7]},
			"faces": {
				"north": {"uv": [10.75, 3, 11.25, 3.5], "texture": "#1"},
				"east": {"uv": [10.75, 3.5, 11.25, 4], "texture": "#1"},
				"south": {"uv": [5, 10.75, 5.5, 11.25], "texture": "#1"},
				"west": {"uv": [5.75, 10.75, 6.25, 11.25], "texture": "#1"},
				"up": {"uv": [7.25, 11.25, 6.75, 10.75], "texture": "#1"},
				"down": {"uv": [11.25, 7, 10.75, 7.5], "texture": "#1"}
			}
		},
		{
			"from": [9.31141, 19.33023, 7],
			"to": [11.31141, 25.33023, 9],
			"rotation": {"angle": -45, "axis": "z", "origin": [9.31141, 19.33023, 7.001]},
			"faces": {
				"north": {"uv": [2.5, 8.25, 3, 9.75], "texture": "#1"},
				"east": {"uv": [3, 8.25, 3.5, 9.75], "texture": "#1"},
				"south": {"uv": [3.5, 8.25, 4, 9.75], "texture": "#1"},
				"west": {"uv": [4, 8.25, 4.5, 9.75], "texture": "#1"},
				"up": {"uv": [11.25, 1.5, 10.75, 1], "texture": "#1"},
				"down": {"uv": [2.5, 10.75, 2, 11.25], "texture": "#1"}
			}
		},
		{
			"from": [7.45184, 16.58176, 7.02],
			"to": [9.41184, 18.54176, 8.98],
			"rotation": {"angle": 22.5, "axis": "z", "origin": [8.83184, 17.91176, 8]},
			"faces": {
				"north": {"uv": [9.25, 10.5, 9.75, 11], "texture": "#1"},
				"east": {"uv": [10.5, 9.25, 11, 9.75], "texture": "#1"},
				"south": {"uv": [10.5, 9.75, 11, 10.25], "texture": "#1"},
				"west": {"uv": [10.5, 10.25, 11, 10.75], "texture": "#1"},
				"up": {"uv": [11.25, 0.5, 10.75, 0], "texture": "#1"},
				"down": {"uv": [11.25, 0.5, 10.75, 1], "texture": "#1"}
			}
		},
		{
			"from": [7.00613, 13.74082, 6.98],
			"to": [9.04613, 19.78082, 9.02],
			"rotation": {"angle": -22.5, "axis": "z", "origin": [7.02613, 13.76082, 7.98]},
			"faces": {
				"north": {"uv": [7.75, 6.25, 8.25, 7.75], "texture": "#1"},
				"east": {"uv": [7.75, 7.75, 8.25, 9.25], "texture": "#1"},
				"south": {"uv": [8, 2.5, 8.5, 4], "texture": "#1"},
				"west": {"uv": [2, 8.25, 2.5, 9.75], "texture": "#1"},
				"up": {"uv": [9.25, 11, 8.75, 10.5], "texture": "#1"},
				"down": {"uv": [11, 8.75, 10.5, 9.25], "texture": "#1"}
			}
		},
		{
			"from": [8.56, 10.91711, 7.46],
			"to": [11.64, 13.99711, 8.54],
			"rotation": {"angle": 45, "axis": "z", "origin": [10, 12.45711, 8]},
			"faces": {
				"north": {"uv": [0.75, 9.25, 1.5, 10], "texture": "#1"},
				"east": {"uv": [6.25, 11, 6.5, 11.75], "texture": "#1"},
				"south": {"uv": [9.25, 2.25, 10, 3], "texture": "#1"},
				"west": {"uv": [11, 6.25, 11.25, 7], "texture": "#1"},
				"up": {"uv": [8.5, 11.25, 7.75, 11], "texture": "#1"},
				"down": {"uv": [9.25, 11, 8.5, 11.25], "texture": "#1"}
			}
		},
		{
			"from": [7.46, 9.91711, 6.96],
			"to": [10.54, 12.99711, 9.04],
			"rotation": {"angle": 22.5, "axis": "z", "origin": [9, 11.45711, 8]},
			"faces": {
				"north": {"uv": [0, 9.25, 0.75, 10], "texture": "#1"},
				"east": {"uv": [10, 1.5, 10.5, 2.25], "texture": "#1"},
				"south": {"uv": [9.25, 0, 10, 0.75], "texture": "#1"},
				"west": {"uv": [10, 2.25, 10.5, 3], "texture": "#1"},
				"up": {"uv": [10.75, 3.5, 10, 3], "texture": "#1"},
				"down": {"uv": [10.75, 3.5, 10, 4], "texture": "#1"}
			}
		},
		{
			"from": [6.52, 10.27, 6.52],
			"to": [9.48, 13.23, 9.48],
			"rotation": {"angle": 45, "axis": "z", "origin": [8, 11.75, 8]},
			"faces": {
				"north": {"uv": [8.25, 8.75, 9, 9.5], "texture": "#1"},
				"east": {"uv": [4.5, 9, 5.25, 9.75], "texture": "#1"},
				"south": {"uv": [5.75, 9, 6.5, 9.75], "texture": "#1"},
				"west": {"uv": [9, 7.25, 9.75, 8], "texture": "#1"},
				"up": {"uv": [9.75, 8.75, 9, 8], "texture": "#1"},
				"down": {"uv": [9.75, 8.75, 9, 9.5], "texture": "#1"}
			}
		},
		{
			"from": [5.33544, 10.6096, 6.94],
			"to": [7.45544, 14.7296, 9.06],
			"rotation": {"angle": 22.5, "axis": "z", "origin": [6.39544, 12.6696, 8]},
			"faces": {
				"north": {"uv": [8.5, 9.5, 9, 10.5], "texture": "#1"},
				"east": {"uv": [9, 9.5, 9.5, 10.5], "texture": "#1"},
				"south": {"uv": [9.5, 9.5, 10, 10.5], "texture": "#1"},
				"west": {"uv": [2, 9.75, 2.5, 10.75], "texture": "#1"},
				"up": {"uv": [8.25, 11, 7.75, 10.5], "texture": "#1"},
				"down": {"uv": [8.75, 10.5, 8.25, 11], "texture": "#1"}
			}
		},
		{
			"from": [3.96, 10.96, 7.46],
			"to": [7.04, 13.04, 8.54],
			"rotation": {"angle": -22.5, "axis": "z", "origin": [5, 12, 8]},
			"faces": {
				"north": {"uv": [10, 0, 10.75, 0.5], "texture": "#1"},
				"east": {"uv": [7, 9.5, 7.25, 10], "texture": "#1"},
				"south": {"uv": [0.75, 10, 1.5, 10.5], "texture": "#1"},
				"west": {"uv": [7.75, 10, 8, 10.5], "texture": "#1"},
				"up": {"uv": [11.75, 6, 11, 5.75], "texture": "#1"},
				"down": {"uv": [11.75, 6, 11, 6.25], "texture": "#1"}
			}
		},
		{
			"from": [13.52909, -4.74324, 6.98],
			"to": [15.56909, -2.70324, 9.02],
			"rotation": {"angle": 22.5, "axis": "z", "origin": [15.05909, -4.21324, 7.99]},
			"faces": {
				"north": {"uv": [10.5, 4.5, 11, 5], "texture": "#1"},
				"east": {"uv": [10.5, 5, 11, 5.5], "texture": "#1"},
				"south": {"uv": [10.5, 5.5, 11, 6], "texture": "#1"},
				"west": {"uv": [10.5, 6, 11, 6.5], "texture": "#1"},
				"up": {"uv": [6.75, 11, 6.25, 10.5], "texture": "#1"},
				"down": {"uv": [11, 6.5, 10.5, 7], "texture": "#1"}
			}
		},
		{
			"from": [8, -6.4, 8],
			"to": [17, -1.4, 8],
			"rotation": {"angle": -22.5, "axis": "z", "origin": [13.5, -2.9, 8]},
			"faces": {
				"north": {"uv": [0, 4.5, 2.25, 5.75], "texture": "#1"},
				"east": {"uv": [0, 0, 0, 1.25], "texture": "#1"},
				"south": {"uv": [2.25, 4.5, 4.5, 5.75], "texture": "#1"},
				"west": {"uv": [0, 0, 0, 1.25], "texture": "#1"},
				"up": {"uv": [2.25, 0, 0, 0], "texture": "#1"},
				"down": {"uv": [2.25, 0, 0, 0], "texture": "#1"}
			}
		},
		{
			"from": [6.51, 11.25, 6.5],
			"to": [9.51, 11.25, 9.5],
			"rotation": {"angle": 0, "axis": "y", "origin": [8.005, 9.755, 8.005]},
			"faces": {
				"north": {"uv": [0, 0, 0, 0.75], "rotation": 90, "texture": "#1"},
				"east": {"uv": [0, 0, 0, 0.75], "rotation": 270, "texture": "#1"},
				"south": {"uv": [0, 0, 0, 0.75], "rotation": 270, "texture": "#1"},
				"west": {"uv": [0, 0.75, 0, 0], "rotation": 270, "texture": "#1"},
				"up": {"uv": [7.25, 9.25, 8, 10], "rotation": 270, "texture": "#1"},
				"down": {"uv": [9.5, 0.75, 10.25, 1.5], "rotation": 270, "texture": "#1"}
			}
		},
		{
			"from": [6.51, 8.25, 6.5],
			"to": [9.51, 8.25, 9.5],
			"rotation": {"angle": 0, "axis": "y", "origin": [8.005, 9.755, 8.005]},
			"faces": {
				"north": {"uv": [0, 0, 0, 0.75], "rotation": 90, "texture": "#1"},
				"east": {"uv": [0, 0, 0, 0.75], "rotation": 270, "texture": "#1"},
				"south": {"uv": [0, 0, 0, 0.75], "rotation": 270, "texture": "#1"},
				"west": {"uv": [0, 0.75, 0, 0], "rotation": 270, "texture": "#1"},
				"up": {"uv": [9.25, 3, 10, 3.75], "rotation": 270, "texture": "#1"},
				"down": {"uv": [9.25, 4.5, 10, 5.25], "rotation": 270, "texture": "#1"}
			}
		},
		{
			"from": [5.92, 8.19, 6.92],
			"to": [9.08, 11.35, 9.08],
			"rotation": {"angle": 0, "axis": "y", "origin": [8.005, 9.755, 8.005]},
			"faces": {
				"north": {"uv": [4.5, 8.25, 5.25, 9], "rotation": 90, "texture": "#1"},
				"east": {"uv": [6.5, 9.75, 5.75, 10.25], "rotation": 270, "texture": "#1"},
				"south": {"uv": [5.75, 8.25, 6.5, 9], "rotation": 270, "texture": "#1"},
				"west": {"uv": [10, 5.75, 9.25, 5.25], "rotation": 270, "texture": "#1"},
				"up": {"uv": [4, 9.75, 4.5, 10.5], "rotation": 270, "texture": "#1"},
				"down": {"uv": [4.5, 9.75, 5, 10.5], "rotation": 270, "texture": "#1"}
			}
		},
		{
			"from": [6.01, 7.75, 6.5],
			"to": [10.01, 11.75, 9.5],
			"rotation": {"angle": 0, "axis": "y", "origin": [8.005, 9.755, 8.005]},
			"faces": {
				"north": {"uv": [6.75, 4.5, 7.75, 5.5], "rotation": 90, "texture": "#1"},
				"east": {"uv": [8.75, 1.75, 7.75, 2.5], "rotation": 270, "texture": "#1"},
				"south": {"uv": [6.75, 6.25, 7.75, 7.25], "rotation": 270, "texture": "#1"},
				"west": {"uv": [8.75, 1.75, 7.75, 1], "rotation": 270, "texture": "#1"},
				"up": {"uv": [7.25, 3, 8, 4], "rotation": 270, "texture": "#1"},
				"down": {"uv": [7.75, 0, 8.5, 1], "rotation": 270, "texture": "#1"}
			}
		},
		{
			"from": [6.52, 6.27, 6.52],
			"to": [9.48, 9.23, 9.48],
			"rotation": {"angle": -45, "axis": "z", "origin": [8, 7.75, 8]},
			"faces": {
				"north": {"uv": [0.75, 8.5, 1.5, 9.25], "texture": "#1"},
				"east": {"uv": [8.5, 2.5, 9.25, 3.25], "texture": "#1"},
				"south": {"uv": [8.5, 3.25, 9.25, 4], "texture": "#1"},
				"west": {"uv": [8.75, 0.75, 9.5, 1.5], "texture": "#1"},
				"up": {"uv": [9.5, 2.25, 8.75, 1.5], "texture": "#1"},
				"down": {"uv": [7.25, 8.75, 6.5, 9.5], "texture": "#1"}
			}
		},
		{
			"from": [7.46, 6.50289, 6.96],
			"to": [10.54, 9.58289, 9.04],
			"rotation": {"angle": -22.5, "axis": "z", "origin": [9, 8.04289, 8]},
			"faces": {
				"north": {"uv": [8.25, 7.25, 9, 8], "texture": "#1"},
				"east": {"uv": [9.75, 7.25, 10.25, 8], "texture": "#1"},
				"south": {"uv": [8.25, 8, 9, 8.75], "texture": "#1"},
				"west": {"uv": [9.75, 8, 10.25, 8.75], "texture": "#1"},
				"up": {"uv": [10.5, 9.25, 9.75, 8.75], "texture": "#1"},
				"down": {"uv": [0.75, 10, 0, 10.5], "texture": "#1"}
			}
		},
		{
			"from": [8.56, 5.50289, 7.46],
			"to": [11.64, 8.58289, 8.54],
			"rotation": {"angle": -45, "axis": "z", "origin": [10, 7.04289, 8]},
			"faces": {
				"north": {"uv": [0, 8.5, 0.75, 9.25], "texture": "#1"},
				"east": {"uv": [11, 4.5, 11.25, 5.25], "texture": "#1"},
				"south": {"uv": [8.5, 0, 9.25, 0.75], "texture": "#1"},
				"west": {"uv": [4.75, 11, 5, 11.75], "texture": "#1"},
				"up": {"uv": [11.75, 5.5, 11, 5.25], "texture": "#1"},
				"down": {"uv": [11.75, 5.5, 11, 5.75], "texture": "#1"}
			}
		},
		{
			"from": [3.36325, -1.99461, 8.039],
			"to": [7.36325, 8.00539, 8.039],
			"rotation": {"angle": 22.5, "axis": "z", "origin": [5.36325, 3.90539, 8.039]},
			"faces": {
				"north": {"uv": [3.25, 5.75, 4.25, 8.25], "texture": "#1"},
				"east": {"uv": [0, 0, 0, 2.5], "texture": "#1"},
				"south": {"uv": [4.25, 5.75, 5.25, 8.25], "texture": "#1"},
				"west": {"uv": [0, 0, 0, 2.5], "texture": "#1"},
				"up": {"uv": [1, 0, 0, 0], "texture": "#1"},
				"down": {"uv": [1, 0, 0, 0], "texture": "#1"}
			}
		},
		{
			"from": [3.36325, 11.49461, 8.039],
			"to": [7.36325, 21.49461, 8.039],
			"rotation": {"angle": -22.5, "axis": "z", "origin": [5.36325, 15.59461, 8.039]},
			"faces": {
				"north": {"uv": [5.75, 1.5, 6.75, 4], "texture": "#1"},
				"east": {"uv": [0, 0, 0, 2.5], "texture": "#1"},
				"south": {"uv": [2.25, 5.75, 3.25, 8.25], "texture": "#1"},
				"west": {"uv": [0, 0, 0, 2.5], "texture": "#1"},
				"up": {"uv": [1, 0, 0, 0], "texture": "#1"},
				"down": {"uv": [1, 0, 0, 0], "texture": "#1"}
			}
		},
		{
			"from": [23.9, 9.25, 5.25],
			"to": [24.9, 10.25, 9.25],
			"rotation": {"angle": 22.5, "axis": "y", "origin": [24.4, 9.75, 8.75]},
			"faces": {
				"north": {"uv": [6.5, 1.25, 6.75, 1.5], "texture": "#1"},
				"east": {"uv": [6.75, 5.5, 7.75, 5.75], "texture": "#1"},
				"south": {"uv": [8.5, 0.75, 8.75, 1], "texture": "#1"},
				"west": {"uv": [7.75, 5.5, 8.75, 5.75], "texture": "#1"},
				"up": {"uv": [7.5, 11.75, 7.25, 10.75], "texture": "#1"},
				"down": {"uv": [4.75, 11, 4.5, 12], "texture": "#1"}
			}
		},
		{
			"from": [5, 8.25, 7.5],
			"to": [28, 11.25, 8.5],
			"rotation": {"angle": 0, "axis": "y", "origin": [14.01, 7.24, 7.99]},
			"faces": {
				"north": {"uv": [5.75, 3.75, 0, 4.5], "texture": "#1"},
				"east": {"uv": [6.5, 11, 6.75, 11.75], "texture": "#1"},
				"south": {"uv": [0, 3.75, 5.75, 4.5], "texture": "#1"},
				"west": {"uv": [11, 8.75, 11.25, 9.5], "texture": "#1"},
				"up": {"uv": [11.5, 4.25, 5.75, 4], "texture": "#1"},
				"down": {"uv": [0, 4.25, 5.75, 4.5], "texture": "#1"}
			}
		},
		{
			"from": [3.0054, 5.71865, 7.502],
			"to": [6.0014, 6.71465, 8.498],
			"rotation": {"angle": 22.5, "axis": "z", "origin": [-0.9966, 5.71665, 8.002]},
			"faces": {
				"north": {"uv": [11, 9.5, 11.75, 9.75], "texture": "#1"},
				"east": {"uv": [8.75, 2.25, 9, 2.5], "texture": "#1"},
				"south": {"uv": [11, 9.75, 11.75, 10], "texture": "#1"},
				"west": {"uv": [8.75, 5.5, 9, 5.75], "texture": "#1"},
				"up": {"uv": [11.75, 10.25, 11, 10], "texture": "#1"},
				"down": {"uv": [11.75, 10.25, 11, 10.5], "texture": "#1"}
			}
		},
		{
			"from": [1.7, 7.25, 7.5],
			"to": [2.7, 12.25, 8.5],
			"rotation": {"angle": 0, "axis": "y", "origin": [13.46, 6.74, 7.99]},
			"faces": {
				"north": {"uv": [6.5, 0, 6.75, 1.25], "texture": "#1"},
				"east": {"uv": [2, 7, 2.25, 8.25], "texture": "#1"},
				"south": {"uv": [5.5, 10, 5.75, 11.25], "texture": "#1"},
				"west": {"uv": [7.5, 10, 7.75, 11.25], "texture": "#1"},
				"up": {"uv": [9.25, 2.5, 9, 2.25], "texture": "#1"},
				"down": {"uv": [9.25, 5.5, 9, 5.75], "texture": "#1"}
			}
		},
		{
			"from": [3.0054, 12.78535, 7.502],
			"to": [6.0014, 13.78135, 8.498],
			"rotation": {"angle": -22.5, "axis": "z", "origin": [-0.9966, 13.78335, 8.002]},
			"faces": {
				"north": {"uv": [11, 10.5, 11.75, 10.75], "texture": "#1"},
				"east": {"uv": [8, 9.25, 8.25, 9.5], "texture": "#1"},
				"south": {"uv": [11.25, 0, 12, 0.25], "texture": "#1"},
				"west": {"uv": [5, 9.75, 5.25, 10], "texture": "#1"},
				"up": {"uv": [12, 0.5, 11.25, 0.25], "texture": "#1"},
				"down": {"uv": [12, 0.5, 11.25, 0.75], "texture": "#1"}
			}
		},
		{
			"name": "string-low",
			"from": [13.45241, -2.62301, 8.552],
			"to": [14.45241, 14.37699, 8.552],
			"rotation": {"angle": -45, "axis": "z", "origin": [13.95241, -2.12301, 8.002]},
			"faces": {
				"north": {"uv": [5.25, 5.75, 5.5, 10], "texture": "#1"},
				"east": {"uv": [0, 0, 0, 4.25], "texture": "#1"},
				"south": {"uv": [5.5, 5.75, 5.75, 10], "texture": "#1"},
				"west": {"uv": [0, 0, 0, 4.25], "texture": "#1"},
				"up": {"uv": [0.25, 0, 0, 0], "texture": "#1"},
				"down": {"uv": [0.25, 0, 0, 0], "texture": "#1"}
			}
		},
		{
			"name": "string-high",
			"from": [13.45241, 21.12301, 8.551],
			"to": [30.45241, 22.12301, 8.551],
			"rotation": {"angle": -45, "axis": "z", "origin": [13.95241, 21.62301, 8.001]},
			"faces": {
				"north": {"uv": [5.75, 5.75, 10, 6], "texture": "#1"},
				"east": {"uv": [0, 0, 0, 0.25], "texture": "#1"},
				"south": {"uv": [5.75, 6, 10, 6.25], "texture": "#1"},
				"west": {"uv": [0, 0, 0, 0.25], "texture": "#1"},
				"up": {"uv": [4.25, 0, 0, 0], "texture": "#1"},
				"down": {"uv": [4.25, 0, 0, 0], "texture": "#1"}
			}
		},
		{
			"name": "arrow",
			"from": [2.45241, 8.25, 8.503],
			"to": [28.45241, 11.25, 8.503],
			"rotation": {"angle": 0, "axis": "y", "origin": [8.95241, 9.87301, 14.501]},
			"faces": {
				"north": {"uv": [0, 0, 6.5, 0.75], "texture": "#1"},
				"east": {"uv": [0, 0, 0, 0.75], "texture": "#1"},
				"south": {"uv": [0, 0.75, 6.5, 1.5], "texture": "#1"},
				"west": {"uv": [0, 0, 0, 0.75], "texture": "#1"},
				"up": {"uv": [6.5, 0, 0, 0], "texture": "#1"},
				"down": {"uv": [6.5, 0, 0, 0], "texture": "#1"}
			}
		}
	],
	"gui_light": "front",
	"display": {
		"thirdperson_righthand": {
			"rotation": [-90, 0, -105],
			"translation": [1, 0.25, -5],
			"scale": [0.6, 0.6, 0.6]
		},
		"thirdperson_lefthand": {
			"rotation": [-90, 0, 75],
			"translation": [3, 0.25, -4.5],
			"scale": [0.6, 0.6, 0.6]
		},
		"firstperson_righthand": {
			"rotation": [95, -179, 80],
			"translation": [0.5, 1.5, -1],
			"scale": [0.6, 0.6, 0.6]
		},
		"firstperson_lefthand": {
			"rotation": [95, -179, -100],
			"translation": [2.25, 1.5, -0.75],
			"scale": [0.6, 0.6, 0.6]
		},
		"ground": {
			"rotation": [0, 0, -45],
			"translation": [0, 9, 0],
			"scale": [0.5, 0.5, 0.5]
		},
		"gui": {
			"rotation": [0, 0, -45],
			"translation": [-3, 1.5, -0.75],
			"scale": [0.6, 0.6, 0.6]
		},
		"head": {
			"rotation": [0, 0, -90],
			"translation": [-1, 9, 0.75],
			"scale": [0.6, 0.6, 0.6]
		},
		"fixed": {
			"rotation": [0, -180, -45],
			"translation": [3.5, 1.75, -0.75],
			"scale": [0.7, 0.7, 0.7]
		}
	},
	"groups": [
		{
			"name": "bow",
			"origin": [8, 8, 8],
			"color": 0,
			"children": [
				{
					"name": "bow",
					"origin": [8, 8, 8],
					"color": 0,
					"children": [
						{
							"name": "pommel",
							"origin": [8, 8, 8],
							"color": 0,
							"children": []
						},
						{
							"name": "grip",
							"origin": [8, 8, 8],
							"color": 0,
							"children": [
								{
									"name": "handle",
									"origin": [8, 8, 8],
									"color": 0,
									"children": []
								}
							]
						},
						{
							"name": "guard",
							"origin": [8, 8, 8],
							"color": 0,
							"children": [
								{
									"name": "cross-guard",
									"origin": [8, 8, 8],
									"color": 0,
									"children": [
										{
											"name": "gem1",
											"origin": [8, 8, 8],
											"color": 0,
											"children": []
										},
										{
											"name": "gem2",
											"origin": [8, 8, 8],
											"color": 0,
											"children": []
										},
										{
											"name": "blade",
											"origin": [8, 8, 8],
											"color": 0,
											"children": [0, 1, 2, 3, 4, 5, 6, 7, 8, 9, 10, 11, 12, 13, 14, 15, 16, 17, 18, 19]
										}
									]
								}
							]
						}, 20, 21,
						{
							"name": "eye",
							"origin": [8, 9.75, 8],
							"color": 0,
							"children": [22, 23, 24, 25]
						}, 26, 27, 28, 29, 30, 31, 32, 33, 34, 35]
				},
				{
					"name": "string",
					"origin": [8, 8, 8],
					"color": 0,
					"children": [36, 37]
				}
			]
		},
		{
			"name": "arrow",
			"origin": [8, 8, 8],
			"color": 0,
			"children": [38]
		}
	]
}