{
	"texture_size": [64, 64],
	"textures": {
		"2": "custom/skins/owlsdev/payback/payback_shield"
	},
	"elements": [
		{
			"name": "handle",
			"from": [7, 8, 13],
			"to": [9, 14, 19],
			"faces": {
				"north": {"uv": [7.5, 8.75, 8, 10.25], "texture": "#2"},
				"east": {"uv": [0, 6, 1.5, 7.5], "texture": "#2"},
				"south": {"uv": [8, 8.75, 8.5, 10.25], "texture": "#2"},
				"west": {"uv": [1.5, 6, 3, 7.5], "texture": "#2"},
				"up": {"uv": [0.5, 10.5, 0, 9], "texture": "#2"},
				"down": {"uv": [1, 9, 0.5, 10.5], "texture": "#2"}
			}
		},
		{
			"name": "shield",
			"from": [1.98, 2.98, 11.98],
			"to": [11.02, 12.02, 13.02],
			"rotation": {"angle": 45, "axis": "z", "origin": [8, 9, 12.5]},
			"faces": {
				"north": {"uv": [3, 0, 5.25, 2.25], "texture": "#2"},
				"east": {"uv": [1, 9, 1.25, 11.25], "texture": "#2"},
				"south": {"uv": [3, 2.25, 5.25, 4.5], "texture": "#2"},
				"west": {"uv": [1.25, 9, 1.5, 11.25], "texture": "#2"},
				"up": {"uv": [11.5, 3.75, 9.25, 3.5], "texture": "#2"},
				"down": {"uv": [11.5, 3.75, 9.25, 4], "texture": "#2"}
			}
		},
		{
			"name": "shield",
			"from": [2, 7, 12],
			"to": [14, 19, 13],
			"rotation": {"angle": 0, "axis": "y", "origin": [8, 13, 12.5]},
			"faces": {
				"north": {"uv": [0, 0, 3, 3], "texture": "#2"},
				"east": {"uv": [2.5, 8.75, 2.75, 11.75], "texture": "#2"},
				"south": {"uv": [0, 3, 3, 6], "texture": "#2"},
				"west": {"uv": [5, 8.75, 5.25, 11.75], "texture": "#2"},
				"up": {"uv": [11.75, 1.25, 8.75, 1], "texture": "#2"},
				"down": {"uv": [11.75, 5, 8.75, 5.25], "texture": "#2"}
			}
		},
		{
			"from": [2.44115, 18.29234, 11.98],
			"to": [6.48115, 21.33234, 13.02],
			"rotation": {"angle": -22.5, "axis": "z", "origin": [3.96115, 19.81234, 12.501]},
			"faces": {
				"north": {"uv": [8.5, 9, 9.5, 9.75], "texture": "#2"},
				"east": {"uv": [2.75, 7.5, 3, 8.25], "texture": "#2"},
				"south": {"uv": [9.25, 2, 10.25, 2.75], "texture": "#2"},
				"west": {"uv": [8.25, 7, 8.5, 7.75], "texture": "#2"},
				"up": {"uv": [8.25, 6.25, 7.25, 6], "texture": "#2"},
				"down": {"uv": [10.75, 4.75, 9.75, 5], "texture": "#2"}
			}
		},
		{
			"from": [9.51885, 18.29234, 11.98],
			"to": [13.55885, 21.33234, 13.02],
			"rotation": {"angle": 22.5, "axis": "z", "origin": [12.03885, 19.81234, 12.501]},
			"faces": {
				"north": {"uv": [2.75, 9.25, 3.75, 10], "texture": "#2"},
				"east": {"uv": [9.25, 9.75, 9.5, 10.5], "texture": "#2"},
				"south": {"uv": [9.25, 2.75, 10.25, 3.5], "texture": "#2"},
				"west": {"uv": [10.25, 10.25, 10.5, 11], "texture": "#2"},
				"up": {"uv": [11.25, 6, 10.25, 5.75], "texture": "#2"},
				"down": {"uv": [11.25, 10, 10.25, 10.25], "texture": "#2"}
			}
		},
		{
			"from": [4.96, 15.46, 11.96],
			"to": [11.04, 21.54, 13.04],
			"rotation": {"angle": -45, "axis": "z", "origin": [7.96, 18.49, 12.46]},
			"faces": {
				"north": {"uv": [7.25, 3.75, 8.75, 5.25], "texture": "#2"},
				"east": {"uv": [5.75, 9.75, 6, 11.25], "texture": "#2"},
				"south": {"uv": [0, 7.5, 1.5, 9], "texture": "#2"},
				"west": {"uv": [8.5, 9.75, 8.75, 11.25], "texture": "#2"},
				"up": {"uv": [11.25, 4.25, 9.75, 4], "texture": "#2"},
				"down": {"uv": [11.25, 4.25, 9.75, 4.5], "texture": "#2"}
			}
		},
		{
			"from": [6.96, 14.46, 11.21],
			"to": [12.04, 19.54, 12.29],
			"rotation": {"angle": -45, "axis": "z", "origin": [7.96, 18.49, 11.71]},
			"faces": {
				"north": {"uv": [7.5, 0, 8.75, 1.25], "texture": "#2"},
				"east": {"uv": [8.75, 9.75, 9, 11], "texture": "#2"},
				"south": {"uv": [1.5, 7.5, 2.75, 8.75], "texture": "#2"},
				"west": {"uv": [9, 9.75, 9.25, 11], "texture": "#2"},
				"up": {"uv": [8.75, 2.25, 7.5, 2], "texture": "#2"},
				"down": {"uv": [11, 4.5, 9.75, 4.75], "texture": "#2"}
			}
		},
		{
			"from": [3.5, 0.1, 12.5],
			"to": [12.5, 9.1, 12.5],
			"rotation": {"angle": 45, "axis": "z", "origin": [8, 4.6, 12.5]},
			"faces": {
				"north": {"uv": [3, 4.5, 5.25, 6.75], "texture": "#2"},
				"east": {"uv": [0, 0, 0, 2.25], "texture": "#2"},
				"south": {"uv": [5.25, 0, 7.5, 2.25], "texture": "#2"},
				"west": {"uv": [0, 0, 0, 2.25], "texture": "#2"},
				"up": {"uv": [2.25, 0, 0, 0], "texture": "#2"},
				"down": {"uv": [2.25, 0, 0, 0], "texture": "#2"}
			}
		},
		{
			"from": [12.25, 12.35, 12.5],
			"to": [17.25, 16.35, 12.5],
			"rotation": {"angle": -22.5, "axis": "z", "origin": [12.75, 13.85, 12.5]},
			"faces": {
				"north": {"uv": [6, 7.75, 7.25, 8.75], "texture": "#2"},
				"east": {"uv": [0, 0, 0, 1], "texture": "#2"},
				"south": {"uv": [7.25, 7.75, 8.5, 8.75], "texture": "#2"},
				"west": {"uv": [0, 0, 0, 1], "texture": "#2"},
				"up": {"uv": [1.25, 0, 0, 0], "texture": "#2"},
				"down": {"uv": [1.25, 0, 0, 0], "texture": "#2"}
			}
		},
		{
			"from": [13.25, 8.1, 12.5],
			"to": [17.25, 11.1, 12.5],
			"rotation": {"angle": -45, "axis": "z", "origin": [12.75, 9.6, 12.5]},
			"faces": {
				"north": {"uv": [9.25, 5.25, 10.25, 6], "texture": "#2"},
				"east": {"uv": [0, 0, 0, 0.75], "texture": "#2"},
				"south": {"uv": [9.5, 1.25, 10.5, 2], "texture": "#2"},
				"west": {"uv": [0, 0, 0, 0.75], "texture": "#2"},
				"up": {"uv": [1, 0, 0, 0], "texture": "#2"},
				"down": {"uv": [1, 0, 0, 0], "texture": "#2"}
			}
		},
		{
			"from": [-0.5037, 16.82487, 12.52],
			"to": [3.4963, 20.82487, 12.52],
			"rotation": {"angle": 45, "axis": "z", "origin": [0.9963, 18.32487, 12.5]},
			"faces": {
				"north": {"uv": [8.75, 0, 9.75, 1], "texture": "#2"},
				"east": {"uv": [0, 0, 0, 1], "texture": "#2"},
				"south": {"uv": [8.75, 4, 9.75, 5], "texture": "#2"},
				"west": {"uv": [0, 0, 0, 1], "texture": "#2"},
				"up": {"uv": [1, 0, 0, 0], "texture": "#2"},
				"down": {"uv": [1, 0, 0, 0], "texture": "#2"}
			}
		},
		{
			"from": [-1.25, 12.35, 12.5],
			"to": [3.75, 16.35, 12.5],
			"rotation": {"angle": 22.5, "axis": "z", "origin": [3.25, 13.85, 12.5]},
			"faces": {
				"north": {"uv": [2.75, 8.25, 4, 9.25], "texture": "#2"},
				"east": {"uv": [0, 0, 0, 1], "texture": "#2"},
				"south": {"uv": [8.25, 6, 9.5, 7], "texture": "#2"},
				"west": {"uv": [0, 0, 0, 1], "texture": "#2"},
				"up": {"uv": [1.25, 0, 0, 0], "texture": "#2"},
				"down": {"uv": [1.25, 0, 0, 0], "texture": "#2"}
			}
		},
		{
			"from": [-1.25, 8.1, 12.5],
			"to": [2.75, 11.1, 12.5],
			"rotation": {"angle": 45, "axis": "z", "origin": [3.25, 9.6, 12.5]},
			"faces": {
				"north": {"uv": [9.5, 6, 10.5, 6.75], "texture": "#2"},
				"east": {"uv": [0, 0, 0, 0.75], "texture": "#2"},
				"south": {"uv": [9.5, 6.75, 10.5, 7.5], "texture": "#2"},
				"west": {"uv": [0, 0, 0, 0.75], "texture": "#2"},
				"up": {"uv": [1, 0, 0, 0], "texture": "#2"},
				"down": {"uv": [1, 0, 0, 0], "texture": "#2"}
			}
		},
		{
			"from": [4.32868, 8.96, 8.67572],
			"to": [6.40868, 17.04, 10.75572],
			"rotation": {"angle": 45, "axis": "y", "origin": [8.01, 13.01, 12.74539]},
			"faces": {
				"north": {"uv": [4.5, 8.75, 5, 10.75], "texture": "#2"},
				"east": {"uv": [6, 8.75, 6.5, 10.75], "texture": "#2"},
				"south": {"uv": [6.5, 8.75, 7, 10.75], "texture": "#2"},
				"west": {"uv": [7, 8.75, 7.5, 10.75], "texture": "#2"},
				"up": {"uv": [3.75, 10.5, 3.25, 10], "texture": "#2"},
				"down": {"uv": [10.25, 10, 9.75, 10.5], "texture": "#2"}
			}
		},
		{
			"from": [9.59718, 8.96, 8.68986],
			"to": [11.67718, 17.04, 10.76986],
			"rotation": {"angle": -45, "axis": "y", "origin": [8.01, 13.01, 12.74539]},
			"faces": {
				"north": {"uv": [4, 8.25, 4.5, 10.25], "texture": "#2"},
				"east": {"uv": [1.5, 8.75, 2, 10.75], "texture": "#2"},
				"south": {"uv": [2, 8.75, 2.5, 10.75], "texture": "#2"},
				"west": {"uv": [8.75, 2, 9.25, 4], "texture": "#2"},
				"up": {"uv": [10.25, 10, 9.75, 9.5], "texture": "#2"},
				"down": {"uv": [3.25, 10, 2.75, 10.5], "texture": "#2"}
			}
		},
		{
			"from": [4.92, 9.92, 11.92],
			"to": [11.24, 16.24, 12.24],
			"rotation": {"angle": 0, "axis": "y", "origin": [8.01, 13.01, 12.74539]},
			"faces": {
				"north": {"uv": [5.25, 6.25, 6.75, 7.75], "texture": "#2"},
				"east": {"uv": [3.75, 9.25, 4, 10.75], "texture": "#2"},
				"south": {"uv": [3, 6.75, 4.5, 8.25], "texture": "#2"},
				"west": {"uv": [9.5, 9.5, 9.75, 11], "texture": "#2"},
				"up": {"uv": [11.25, 0.25, 9.75, 0], "texture": "#2"},
				"down": {"uv": [11.25, 0.25, 9.75, 0.5], "texture": "#2"}
			}
		},
		{
			"from": [4.02, 16.02, 11.02],
			"to": [11.98, 16.98, 11.98],
			"rotation": {"angle": 0, "axis": "y", "origin": [8, 14, 11.74539]},
			"faces": {
				"north": {"uv": [9.5, 7.5, 11.5, 7.75], "texture": "#2"},
				"east": {"uv": [4.75, 10.75, 5, 11], "texture": "#2"},
				"south": {"uv": [9.5, 7.75, 11.5, 8], "texture": "#2"},
				"west": {"uv": [10.75, 4.75, 11, 5], "texture": "#2"},
				"up": {"uv": [11.5, 8.25, 9.5, 8], "texture": "#2"},
				"down": {"uv": [11.5, 8.25, 9.5, 8.5], "texture": "#2"}
			}
		},
		{
			"from": [4.02, 9.02, 11.02],
			"to": [11.98, 9.98, 11.98],
			"rotation": {"angle": 0, "axis": "y", "origin": [8, 7, 11.74539]},
			"faces": {
				"north": {"uv": [9.5, 8.5, 11.5, 8.75], "texture": "#2"},
				"east": {"uv": [10.75, 5.25, 11, 5.5], "texture": "#2"},
				"south": {"uv": [9.5, 8.75, 11.5, 9], "texture": "#2"},
				"west": {"uv": [10.75, 5.5, 11, 5.75], "texture": "#2"},
				"up": {"uv": [11.5, 9.25, 9.5, 9], "texture": "#2"},
				"down": {"uv": [11.5, 9.25, 9.5, 9.5], "texture": "#2"}
			}
		},
		{
			"from": [4, 9, 11],
			"to": [12, 17, 14],
			"rotation": {"angle": 0, "axis": "y", "origin": [8.01, 13.01, 12.74539]},
			"faces": {
				"north": {"uv": [5.25, 2.25, 7.25, 4.25], "texture": "#2"},
				"east": {"uv": [4.5, 6.75, 5.25, 8.75], "texture": "#2"},
				"south": {"uv": [5.25, 4.25, 7.25, 6.25], "texture": "#2"},
				"west": {"uv": [5.25, 7.75, 6, 9.75], "texture": "#2"},
				"up": {"uv": [9.25, 6, 7.25, 5.25], "texture": "#2"},
				"down": {"uv": [9.5, 1.25, 7.5, 2], "texture": "#2"}
			}
		},
		{
			"from": [5, 6, 11.25],
			"to": [11, 12, 12.25],
			"rotation": {"angle": -45, "axis": "z", "origin": [8, 9, 12.75]},
			"faces": {
				"north": {"uv": [6.75, 6.25, 8.25, 7.75], "texture": "#2"},
				"east": {"uv": [5.25, 9.75, 5.5, 11.25], "texture": "#2"},
				"south": {"uv": [7.25, 2.25, 8.75, 3.75], "texture": "#2"},
				"west": {"uv": [5.5, 9.75, 5.75, 11.25], "texture": "#2"},
				"up": {"uv": [11.25, 0.75, 9.75, 0.5], "texture": "#2"},
				"down": {"uv": [11.25, 0.75, 9.75, 1], "texture": "#2"}
			}
		},
		{
			"from": [12.5037, 16.82487, 12.52],
			"to": [16.5037, 20.82487, 12.52],
			"rotation": {"angle": -45, "axis": "z", "origin": [15.0037, 18.32487, 12.5]},
			"faces": {
				"north": {"uv": [8.5, 7, 9.5, 8], "texture": "#2"},
				"east": {"uv": [0, 0, 0, 1], "texture": "#2"},
				"south": {"uv": [8.5, 8, 9.5, 9], "texture": "#2"},
				"west": {"uv": [0, 0, 0, 1], "texture": "#2"},
				"up": {"uv": [1, 0, 0, 0], "texture": "#2"},
				"down": {"uv": [1, 0, 0, 0], "texture": "#2"}
			}
		},
		{
			"from": [1.67, 16.37, 12.02],
			"to": [3.63, 18.33, 12.98],
			"rotation": {"angle": 45, "axis": "z", "origin": [4.15, 15.85, 12.5]},
			"faces": {
				"north": {"uv": [10.25, 2, 10.75, 2.5], "texture": "#2"},
				"east": {"uv": [0, 10.5, 0.25, 11], "texture": "#2"},
				"south": {"uv": [10.25, 2.5, 10.75, 3], "texture": "#2"},
				"west": {"uv": [0.25, 10.5, 0.5, 11], "texture": "#2"},
				"up": {"uv": [1, 10.75, 0.5, 10.5], "texture": "#2"},
				"down": {"uv": [11, 1.25, 10.5, 1.5], "texture": "#2"}
			}
		},
		{
			"from": [1.67, 11.37, 12.02],
			"to": [3.63, 13.33, 12.98],
			"rotation": {"angle": 45, "axis": "z", "origin": [4.15, 10.85, 12.5]},
			"faces": {
				"north": {"uv": [10.25, 3, 10.75, 3.5], "texture": "#2"},
				"east": {"uv": [10.5, 1.5, 10.75, 2], "texture": "#2"},
				"south": {"uv": [4, 10.25, 4.5, 10.75], "texture": "#2"},
				"west": {"uv": [2.75, 10.5, 3, 11], "texture": "#2"},
				"up": {"uv": [3.5, 10.75, 3, 10.5], "texture": "#2"},
				"down": {"uv": [11, 6, 10.5, 6.25], "texture": "#2"}
			}
		},
		{
			"from": [12.37, 16.37, 12.02],
			"to": [14.33, 18.33, 12.98],
			"rotation": {"angle": -45, "axis": "z", "origin": [11.85, 15.85, 12.5]},
			"faces": {
				"north": {"uv": [8, 10.25, 8.5, 10.75], "texture": "#2"},
				"east": {"uv": [1.75, 10.75, 2, 11.25], "texture": "#2"},
				"south": {"uv": [10.25, 9.5, 10.75, 10], "texture": "#2"},
				"west": {"uv": [10.75, 1.75, 11, 2.25], "texture": "#2"},
				"up": {"uv": [2.5, 11, 2, 10.75], "texture": "#2"},
				"down": {"uv": [11.25, 2.25, 10.75, 2.5], "texture": "#2"}
			}
		},
		{
			"from": [12.37, 11.37, 12.02],
			"to": [14.33, 13.33, 12.98],
			"rotation": {"angle": -45, "axis": "z", "origin": [11.85, 10.85, 12.5]},
			"faces": {
				"north": {"uv": [10.25, 5.25, 10.75, 5.75], "texture": "#2"},
				"east": {"uv": [0.75, 10.75, 1, 11.25], "texture": "#2"},
				"south": {"uv": [7.5, 10.25, 8, 10.75], "texture": "#2"},
				"west": {"uv": [1.5, 10.75, 1.75, 11.25], "texture": "#2"},
				"up": {"uv": [11, 7.5, 10.5, 7.25], "texture": "#2"},
				"down": {"uv": [11.25, 1.5, 10.75, 1.75], "texture": "#2"}
			}
		},
		{
			"from": [12.44132, 4.72, 12.02],
			"to": [13.40132, 6.68, 12.98],
			"rotation": {"angle": -22.5, "axis": "z", "origin": [12.42132, 5.7, 12.5]},
			"faces": {
				"north": {"uv": [9.75, 10.5, 10, 11], "texture": "#2"},
				"east": {"uv": [10, 10.5, 10.25, 11], "texture": "#2"},
				"south": {"uv": [10.5, 10.25, 10.75, 10.75], "texture": "#2"},
				"west": {"uv": [0.5, 10.75, 0.75, 11.25], "texture": "#2"},
				"up": {"uv": [11, 6.5, 10.75, 6.25], "texture": "#2"},
				"down": {"uv": [6.75, 10.75, 6.5, 11], "texture": "#2"}
			}
		},
		{
			"from": [9.54132, 1.87, 12.02],
			"to": [10.50132, 3.83, 12.98],
			"rotation": {"angle": -22.5, "axis": "z", "origin": [9.52132, 2.85, 12.5]},
			"faces": {
				"north": {"uv": [3.5, 10.5, 3.75, 11], "texture": "#2"},
				"east": {"uv": [10.5, 6.25, 10.75, 6.75], "texture": "#2"},
				"south": {"uv": [10.5, 6.75, 10.75, 7.25], "texture": "#2"},
				"west": {"uv": [9.25, 10.5, 9.5, 11], "texture": "#2"},
				"up": {"uv": [6.25, 11, 6, 10.75], "texture": "#2"},
				"down": {"uv": [6.5, 10.75, 6.25, 11], "texture": "#2"}
			}
		},
		{
			"from": [2.59868, 4.72, 12.02],
			"to": [3.55868, 6.68, 12.98],
			"rotation": {"angle": 22.5, "axis": "z", "origin": [3.57868, 5.7, 12.5]},
			"faces": {
				"north": {"uv": [3.75, 10.75, 4, 11.25], "texture": "#2"},
				"east": {"uv": [4, 10.75, 4.25, 11.25], "texture": "#2"},
				"south": {"uv": [4.25, 10.75, 4.5, 11.25], "texture": "#2"},
				"west": {"uv": [4.5, 10.75, 4.75, 11.25], "texture": "#2"},
				"up": {"uv": [11, 7, 10.75, 6.75], "texture": "#2"},
				"down": {"uv": [7.25, 10.75, 7, 11], "texture": "#2"}
			}
		},
		{
			"from": [5.49868, 1.87, 12.02],
			"to": [6.45868, 3.83, 12.98],
			"rotation": {"angle": 22.5, "axis": "z", "origin": [6.47868, 2.85, 12.5]},
			"faces": {
				"north": {"uv": [10.75, 2.5, 11, 3], "texture": "#2"},
				"east": {"uv": [3, 10.75, 3.25, 11.25], "texture": "#2"},
				"south": {"uv": [10.75, 3, 11, 3.5], "texture": "#2"},
				"west": {"uv": [3.25, 10.75, 3.5, 11.25], "texture": "#2"},
				"up": {"uv": [11, 6.75, 10.75, 6.5], "texture": "#2"},
				"down": {"uv": [7, 10.75, 6.75, 11], "texture": "#2"}
			}
		}
	],
	"display": {
		"thirdperson_righthand": {
			"rotation": [90, -90, 90],
			"translation": [8, -5, 3]
		},
		"thirdperson_lefthand": {
			"rotation": [90, -90, 90],
			"translation": [8, -5, 3]
		},
		"firstperson_righthand": {
			"rotation": [75, -90, 90],
			"translation": [8, -7, 3]
		},
		"firstperson_lefthand": {
			"rotation": [75, -90, 90],
			"translation": [8, -7, 3]
		},
		"ground": {
			"translation": [0, 5.75, -5]
		},
		"gui": {
			"rotation": [-22.25, 152.25, 30.5],
			"translation": [-3, -1.25, 0],
			"scale": [0.8, 0.8, 0.8]
		},
		"head": {
			"rotation": [90, 0, 0],
			"translation": [0, 11.75, -3]
		},
		"fixed": {
			"translation": [0, -2.25, -5],
			"scale": [0.9, 0.9, 0.9]
		}
	},
	"groups": [
		{
			"name": "shield",
			"origin": [0, 11, 1],
			"color": 0,
			"children": [0, 1, 2,
				{
					"name": "gems",
					"origin": [0, 11, 1],
					"color": 0,
					"children": [
						{
							"name": "gem1",
							"origin": [8, 8, 8],
							"color": 0,
							"children": []
						},
						{
							"name": "gem1",
							"origin": [8, 8, 8],
							"color": 0,
							"children": []
						}
					]
				},
				{
					"name": "spark",
					"origin": [0, 11, 1],
					"color": 0,
					"children": []
				}, 3, 4, 5, 6]
		},
		{
			"name": "pickaxe",
			"origin": [8, 8, 8],
			"color": 0,
			"children": [
				{
					"name": "pommel",
					"origin": [8, 8, 8],
					"color": 0,
					"children": []
				},
				{
					"name": "grip",
					"origin": [8, 8, 8],
					"color": 0,
					"children": [7, 8, 9, 10, 11, 12,
						{
							"name": "handle",
							"origin": [8, 8, 8],
							"color": 0,
							"children": []
						}
					]
				},
				{
					"name": "guard",
					"origin": [8, 8, 8],
					"color": 0,
					"children": [
						{
							"name": "cross-guard",
							"origin": [8, 8, 8],
							"color": 0,
							"children": [
								{
									"name": "gem",
									"origin": [8, 8, 8],
									"color": 0,
									"children": [
										{
											"name": "eye",
											"origin": [-5, 5.5, 8],
											"color": 0,
											"children": [13, 14, 15, 16, 17, 18, 19]
										}, 20, 21, 22, 23, 24, 25, 26, 27, 28]
								},
								{
									"name": "blade",
									"origin": [8, 8, 8],
									"color": 0,
									"children": []
								}
							]
						}
					]
				}
			]
		}
	]
}