{
	"credit": "Made with Blockbench",
	"texture_size": [64, 64],
	"textures": {
		"0": "custom/cosmetics/owlsdev/backpack_bird",
		"particle": "custom/cosmetics/owlsdev/backpack_bird"
	},
	"elements": [
		{
			"from": [1, 0, 7],
			"to": [15, 15, 15],
			"rotation": {"angle": 0, "axis": "y", "origin": [8, 6, 11]},
			"faces": {
				"north": {"uv": [0, 0, 3.5, 3.75], "texture": "#0"},
				"east": {"uv": [0, 3.75, 2, 7.5], "texture": "#0"},
				"south": {"uv": [3.5, 0, 7, 3.75], "texture": "#0", "cullface": "west"},
				"west": {"uv": [2, 3.75, 4, 7.5], "texture": "#0"},
				"up": {"uv": [7.5, 5.75, 4, 3.75], "texture": "#0"},
				"down": {"uv": [7.5, 5.75, 4, 7.75], "texture": "#0"}
			}
		},
		{
			"from": [0.5, -4, 6],
			"to": [15.5, 2, 12],
			"rotation": {"angle": 45, "axis": "x", "origin": [8, -4, 11]},
			"faces": {
				"north": {"uv": [7, 0, 10.75, 1.5], "texture": "#0"},
				"east": {"uv": [7.5, 7, 9, 8.5], "texture": "#0"},
				"south": {"uv": [7, 1.5, 10.75, 3], "texture": "#0", "cullface": "west"},
				"west": {"uv": [3.75, 7.75, 5.25, 9.25], "texture": "#0"},
				"up": {"uv": [3.75, 9, 0, 7.5], "texture": "#0"},
				"down": {"uv": [11.25, 3, 7.5, 4.5], "texture": "#0"}
			}
		},
		{
			"from": [3, 2, 15],
			"to": [13, 7, 17],
			"rotation": {"angle": 0, "axis": "y", "origin": [8, 6.5, 18.5]},
			"faces": {
				"north": {"uv": [7.5, 4.5, 9.75, 5.75], "texture": "#0"},
				"east": {"uv": [0, 9, 0.5, 10.25], "texture": "#0"},
				"south": {"uv": [7.5, 5.75, 10, 7], "texture": "#0", "cullface": "west"},
				"west": {"uv": [0.5, 9, 1, 10.25], "texture": "#0"},
				"up": {"uv": [7.5, 8.25, 5.25, 7.75], "texture": "#0"},
				"down": {"uv": [7.5, 8.25, 5.25, 8.75], "texture": "#0"}
			}
		},
		{
			"from": [3, 5.07574, 17.38176],
			"to": [13, 7.07574, 17.38176],
			"rotation": {"angle": -22.5, "axis": "x", "origin": [8.5, 6.07574, 17.38176]},
			"faces": {
				"north": {"uv": [7.5, 8.5, 10, 9], "texture": "#0"},
				"east": {"uv": [0, 0, 0, 0.5], "texture": "#0"},
				"south": {"uv": [7.5, 9, 10, 9.5], "texture": "#0", "cullface": "west"},
				"west": {"uv": [0, 0, 0, 0.5], "texture": "#0"},
				"up": {"uv": [2.25, 0, 0, 0], "texture": "#0"},
				"down": {"uv": [2.25, 0, 0, 0], "texture": "#0"}
			}
		},
		{
			"from": [11.02, 5, 0],
			"to": [15.02, 15, 7],
			"faces": {
				"north": {"uv": [15, 13.5, 16, 16], "texture": "#0"},
				"east": {"uv": [10.75, 13.5, 12.5, 16], "texture": "#0"},
				"south": {"uv": [9.25, 13.5, 10.25, 16], "texture": "#0"},
				"west": {"uv": [13, 13.5, 14.75, 16], "texture": "#0"},
				"up": {"uv": [6, 14.25, 7, 16], "texture": "#0"},
				"down": {"uv": [7.75, 14.25, 8.75, 16], "texture": "#0"}
			}
		},
		{
			"from": [0.98, 5, 0],
			"to": [4.98, 15, 7],
			"faces": {
				"north": {"uv": [2, 10.75, 3, 13.25], "texture": "#0"},
				"east": {"uv": [0, 10.75, 1.75, 13.25], "texture": "#0"},
				"south": {"uv": [3.5, 13.5, 4.5, 16], "texture": "#0"},
				"west": {"uv": [1.25, 13.5, 3, 16], "texture": "#0"},
				"up": {"uv": [0, 14.25, 1, 16], "texture": "#0"},
				"down": {"uv": [3.5, 11, 4.5, 12.75], "texture": "#0"}
			}
		},
		{
			"from": [7, 10, 15],
			"to": [9, 13, 16],
			"faces": {
				"north": {"uv": [15, 3.25, 15.5, 4], "texture": "#0"},
				"east": {"uv": [15, 4, 15.25, 4.75], "texture": "#0"},
				"south": {"uv": [15.5, 3.25, 16, 4], "texture": "#0"},
				"west": {"uv": [15.75, 4, 16, 4.75], "texture": "#0"},
				"up": {"uv": [15, 2.75, 15.5, 3], "texture": "#0"},
				"down": {"uv": [15.5, 2.75, 16, 3], "texture": "#0"}
			}
		},
		{
			"from": [15, 5, 10],
			"to": [15, 8, 11],
			"rotation": {"angle": 22.5, "axis": "z", "origin": [15, 7, 10.5]},
			"faces": {
				"north": {"uv": [0, 0, 0, 0.75], "texture": "#0"},
				"east": {"uv": [15.75, 0, 16, 0.75], "texture": "#0"},
				"south": {"uv": [0, 0, 0, 0.75], "texture": "#0"},
				"west": {"uv": [15.5, 0, 15.75, 0.75], "texture": "#0"},
				"up": {"uv": [0, 0, 0, 0.25], "texture": "#0"},
				"down": {"uv": [0, 0, 0, 0.25], "texture": "#0"}
			}
		},
		{
			"from": [14.2, 2, 9],
			"to": [16.2, 5, 12],
			"rotation": {"angle": 22.5, "axis": "z", "origin": [15, 7, 10.5]},
			"faces": {
				"north": {"uv": [14, 7.75, 14.5, 8.5], "texture": "#0"},
				"east": {"uv": [14.75, 7, 16, 8.25], "texture": "#0"},
				"south": {"uv": [13, 7.75, 13.5, 8.5], "texture": "#0"},
				"west": {"uv": [14.75, 5.75, 16, 7], "texture": "#0"},
				"up": {"uv": [13, 6.75, 13.5, 7.5], "texture": "#0"},
				"down": {"uv": [14, 6.75, 14.5, 7.5], "texture": "#0"}
			}
		},
		{
			"from": [15.5, 1.5, 11.5],
			"to": [16.5, 2.5, 12.5],
			"rotation": {"angle": 22.5, "axis": "z", "origin": [15, 7, 10.5]},
			"faces": {
				"north": {"uv": [14, 1.25, 14.25, 1.5], "texture": "#0"},
				"east": {"uv": [13.25, 2.25, 13.5, 2.5], "texture": "#0"},
				"south": {"uv": [13.25, 1.25, 13.5, 1.5], "texture": "#0"},
				"west": {"uv": [13.25, 1.75, 13.5, 2], "texture": "#0"},
				"up": {"uv": [14, 1.75, 14.25, 2], "texture": "#0"},
				"down": {"uv": [14, 2.25, 14.25, 2.5], "texture": "#0"}
			}
		},
		{
			"from": [16.03073, 2.80448, 11.5],
			"to": [17.03073, 3.80448, 12.5],
			"rotation": {"angle": -45, "axis": "x", "origin": [16.53073, 3.30448, 12]},
			"faces": {
				"north": {"uv": [10.5, 11.5, 10.75, 11.75], "texture": "#0"},
				"east": {"uv": [11.25, 10.75, 11.5, 11], "texture": "#0"},
				"south": {"uv": [10.5, 10.75, 10.75, 11], "texture": "#0"},
				"west": {"uv": [9.75, 11.5, 10, 11.75], "texture": "#0"},
				"up": {"uv": [9.75, 10.75, 10, 11], "texture": "#0"},
				"down": {"uv": [11.25, 11.5, 11.5, 11.75], "texture": "#0"}
			}
		},
		{
			"from": [16.03073, 2.80448, 8.5],
			"to": [17.03073, 3.80448, 9.5],
			"rotation": {"angle": 45, "axis": "x", "origin": [16.53073, 3.30448, 9]},
			"faces": {
				"north": {"uv": [11.5, 6.75, 11.75, 7], "texture": "#0"},
				"east": {"uv": [10.75, 6.75, 11, 7], "texture": "#0"},
				"south": {"uv": [11.5, 8.5, 11.75, 8.75], "texture": "#0"},
				"west": {"uv": [10.75, 8.5, 11, 8.75], "texture": "#0"},
				"up": {"uv": [10.75, 7.75, 11, 8], "texture": "#0"},
				"down": {"uv": [11.5, 7.75, 11.75, 8], "texture": "#0"}
			}
		},
		{
			"from": [15.5, 1.5, 8.5],
			"to": [16.5, 2.5, 9.5],
			"rotation": {"angle": 22.5, "axis": "z", "origin": [15, 7, 10.5]},
			"faces": {
				"north": {"uv": [5, 11, 5.25, 11.25], "texture": "#0"},
				"east": {"uv": [5, 10.5, 5.25, 10.75], "texture": "#0"},
				"south": {"uv": [5.75, 10.5, 6, 10.75], "texture": "#0"},
				"west": {"uv": [5.75, 11.75, 6, 12], "texture": "#0"},
				"up": {"uv": [5, 11.75, 5.25, 12], "texture": "#0"},
				"down": {"uv": [5.75, 11, 6, 11.25], "texture": "#0"}
			}
		},
		{
			"from": [0, 6, 9],
			"to": [1, 7, 13],
			"faces": {
				"north": {"uv": [6.5, 12.75, 6.75, 13], "texture": "#0"},
				"east": {"uv": [10.5, 12.5, 11.5, 12.75], "texture": "#0"},
				"south": {"uv": [6.5, 12.25, 6.75, 12.5], "texture": "#0"},
				"west": {"uv": [9, 12.5, 10, 12.75], "texture": "#0"},
				"up": {"uv": [8.25, 12.25, 8.5, 13.25], "texture": "#0"},
				"down": {"uv": [7.5, 12.25, 7.75, 13.25], "texture": "#0"}
			}
		},
		{
			"from": [1, 3, 0],
			"to": [15, 5, 0],
			"rotation": {"angle": 22.5, "axis": "x", "origin": [8, 5, 0]},
			"faces": {
				"north": {"uv": [12.5, 10.25, 16, 10.75], "texture": "#0"},
				"east": {"uv": [0, 0, 0, 0.5], "texture": "#0"},
				"south": {"uv": [12.5, 9.75, 16, 10.25], "texture": "#0"},
				"west": {"uv": [0, 0, 0, 0.5], "texture": "#0"},
				"up": {"uv": [0, 0, 3.5, 0], "texture": "#0"},
				"down": {"uv": [0, 0, 3.5, 0], "texture": "#0"}
			}
		}
	],
	"display": {
		"thirdperson_righthand": {
			"rotation": [0, -180, 0],
			"translation": [0, 0, -2.5],
			"scale": [0.5, 0.5, 0.5]
		},
		"thirdperson_lefthand": {
			"rotation": [0, -180, 0],
			"translation": [1, 0, -1.25],
			"scale": [0.5, 0.5, 0.5]
		},
		"firstperson_righthand": {
			"rotation": [0, -180, 0],
			"translation": [0, 2, 0],
			"scale": [0.5, 0.5, 0.5]
		},
		"firstperson_lefthand": {
			"rotation": [0, -180, 0],
			"scale": [0.5, 0.5, 0.5]
		},
		"ground": {
			"translation": [0, 2.75, 0],
			"scale": [0.5, 0.5, 0.5]
		},
		"gui": {
			"rotation": [11, -40, 0],
			"translation": [0.25, 1.75, 0],
			"scale": [0.7, 0.7, 0.7]
		},
		"head": {
			"translation": [0, -50, 4.25]
		},
		"fixed": {
			"translation": [0, 0, -8.75]
		}
	},
	"groups": [
		{
			"name": "group",
			"origin": [0, 0, 0],
			"color": 0,
			"children": [0, 1, 2, 3, 4, 5, 6, 7, 8, 9, 10, 11, 12, 13, 14]
		}
	]
}