{
	"credit": "Made with Blockbench",
	"textures": {
		"0": "custom/cosmetics/owlsdev/ballon1",
		"1": "custom/cosmetics/owlsdev/ballonfire1",
		"particle": "custom/cosmetics/owlsdev/ballon1"
	},
	"elements": [
		{
			"from": [3, 10, 4],
			"to": [13, 20, 14],
			"faces": {
				"north": {"uv": [0, 0, 2.5, 2.5], "texture": "#0"},
				"east": {"uv": [0, 2.5, 2.5, 5], "texture": "#0"},
				"south": {"uv": [2.5, 0, 5, 2.5], "texture": "#0"},
				"west": {"uv": [2.5, 2.5, 5, 5], "texture": "#0"},
				"up": {"uv": [2.5, 7.5, 0, 5], "texture": "#0"},
				"down": {"uv": [7.5, 0, 5, 2.5], "texture": "#0"}
			}
		},
		{
			"from": [5.5, 9, 6.5],
			"to": [10.5, 10, 11.5],
			"faces": {
				"north": {"uv": [2.5, 7.5, 3.75, 7.75], "texture": "#0"},
				"east": {"uv": [7.5, 3, 8.75, 3.25], "texture": "#0"},
				"south": {"uv": [7.5, 3.25, 8.75, 3.5], "texture": "#0"},
				"west": {"uv": [7.5, 3.5, 8.75, 3.75], "texture": "#0"},
				"up": {"uv": [3.75, 6.25, 2.5, 5], "texture": "#0"},
				"down": {"uv": [6.25, 2.5, 5, 3.75], "texture": "#0"}
			}
		},
		{
			"from": [6.5, 6, 7.5],
			"to": [9.5, 7, 10.5],
			"faces": {
				"north": {"uv": [3.75, 7.5, 4.5, 7.75], "texture": "#0"},
				"east": {"uv": [7.5, 3.75, 8.25, 4], "texture": "#0"},
				"south": {"uv": [7.5, 4, 8.25, 4.25], "texture": "#0"},
				"west": {"uv": [7.5, 4.25, 8.25, 4.5], "texture": "#0"},
				"up": {"uv": [8.25, 2.25, 7.5, 1.5], "texture": "#0"},
				"down": {"uv": [8.25, 2.25, 7.5, 3], "texture": "#0"}
			}
		},
		{
			"from": [5.5, 20, 6.5],
			"to": [10.5, 22, 11.5],
			"faces": {
				"north": {"uv": [7.5, 0, 8.75, 0.5], "texture": "#0"},
				"east": {"uv": [7.5, 0.5, 8.75, 1], "texture": "#0"},
				"south": {"uv": [7.5, 1, 8.75, 1.5], "texture": "#0"},
				"west": {"uv": [1.25, 7.5, 2.5, 8], "texture": "#0"},
				"up": {"uv": [5, 6.25, 3.75, 5], "texture": "#0"},
				"down": {"uv": [6.25, 3.75, 5, 5], "texture": "#0"}
			}
		},
		{
			"from": [5.5, 2, 6.5],
			"to": [10.5, 6, 11.5],
			"faces": {
				"north": {"uv": [6.25, 5, 7.5, 6], "texture": "#0"},
				"east": {"uv": [6.25, 6, 7.5, 7], "texture": "#0"},
				"south": {"uv": [6.25, 7, 7.5, 8], "texture": "#0"},
				"west": {"uv": [0, 7.5, 1.25, 8.5], "texture": "#0"},
				"up": {"uv": [6.25, 6.25, 5, 5], "texture": "#0"},
				"down": {"uv": [3.75, 6.25, 2.5, 7.5], "texture": "#0"}
			}
		},
		{
			"from": [4.65759, 6.23006, 6.5],
			"to": [4.65759, 11.23006, 11.5],
			"rotation": {"angle": 22.5, "axis": "z", "origin": [5.65759, 8.23006, 9]},
			"faces": {
				"north": {"uv": [0, 0, 0, 1.25], "texture": "#0"},
				"east": {"uv": [6.25, 2.5, 7.5, 3.75], "texture": "#0"},
				"south": {"uv": [0, 0, 0, 1.25], "texture": "#0"},
				"west": {"uv": [3.75, 6.25, 5, 7.5], "texture": "#0"},
				"up": {"uv": [0, 1.25, 0, 0], "texture": "#0"},
				"down": {"uv": [0, 0, 0, 1.25], "texture": "#0"}
			}
		},
		{
			"from": [11.45578, 5.81008, 6.5],
			"to": [11.45578, 10.81008, 11.5],
			"rotation": {"angle": -22.5, "axis": "z", "origin": [11.45578, 8.31008, 9]},
			"faces": {
				"north": {"uv": [0, 0, 0, 1.25], "texture": "#0"},
				"east": {"uv": [6.25, 3.75, 7.5, 5], "texture": "#0"},
				"south": {"uv": [0, 0, 0, 1.25], "texture": "#0"},
				"west": {"uv": [5, 6.25, 6.25, 7.5], "texture": "#0"},
				"up": {"uv": [0, 1.25, 0, 0], "texture": "#0"},
				"down": {"uv": [0, 0, 0, 1.25], "texture": "#0"}
			}
		},
		{
			"from": [8, 7, 7.5],
			"to": [8, 11, 10.5],
			"rotation": {"angle": -45, "axis": "y", "origin": [8, 9, 9]},
			"faces": {
				"north": {"uv": [0, 0, 0, 4], "texture": "#1"},
				"east": {"uv": [0, 0, 3, 4], "texture": "#1"},
				"south": {"uv": [0, 0, 0, 4], "texture": "#1"},
				"west": {"uv": [3, 0, 6, 4], "texture": "#1"},
				"up": {"uv": [0, 3, 0, 0], "texture": "#1"},
				"down": {"uv": [0, 0, 0, 3], "texture": "#1"}
			}
		},
		{
			"from": [8, 7, 7.5],
			"to": [8, 11, 10.5],
			"rotation": {"angle": 45, "axis": "y", "origin": [8, 9, 9]},
			"faces": {
				"north": {"uv": [0, 0, 0, 4], "texture": "#1"},
				"east": {"uv": [0, 4, 3, 8], "texture": "#1"},
				"south": {"uv": [0, 0, 0, 4], "texture": "#1"},
				"west": {"uv": [3, 4, 6, 8], "texture": "#1"},
				"up": {"uv": [0, 3, 0, 0], "texture": "#1"},
				"down": {"uv": [0, 0, 0, 3], "texture": "#1"}
			}
		}
	],
	"gui_light": "front",
	"display": {
		"thirdperson_righthand": {
			"translation": [0, 0, -2],
			"scale": [0.7, 0.7, 0.7]
		},
		"thirdperson_lefthand": {
			"translation": [0, 0, -2],
			"scale": [0.7, 0.7, 0.7]
		},
		"firstperson_righthand": {
			"scale": [0.7, 0.7, 0.7]
		},
		"firstperson_lefthand": {
			"scale": [0.7, 0.7, 0.7]
		},
		"ground": {
			"translation": [0, 3.5, 0]
		},
		"gui": {
			"rotation": [19, -49, 0],
			"translation": [0.75, -2.5, 0],
			"scale": [0.7, 0.7, 0.7]
		},
		"head": {
			"translation": [0, 13.5, -1.5],
			"scale": [4, 4, 4]
		},
		"fixed": {
			"translation": [0, -4, -1.75]
		}
	},
	"groups": [
		{
			"name": "group",
			"origin": [0, 0, 0],
			"color": 0,
			"children": [0, 1, 2, 3, 4, 5, 6]
		},
		7,
		8
	]
}