{"credit":"Made with Blockbench","textures":{"0":"custom/cosmetics/owlsdev/baseball_cap","particle":"custom/cosmetics/owlsdev/baseball_cap"},"elements":[{"from":[4,0,-2],"to":[12,0,4],"rotation":{"angle":0,"axis":"y","origin":[8,0,8]},"faces":{"down":{"uv":[8,4,12,7],"texture":"#0","tintindex":0}}},{"from":[4,0.2,-2],"to":[12,0.2,4],"rotation":{"angle":0,"axis":"y","origin":[8,0,8]},"faces":{"up":{"uv":[8,4,12,7],"rotation":180,"texture":"#0","tintindex":0}}},{"from":[4,0,4],"to":[12,3,12],"rotation":{"angle":0,"axis":"y","origin":[8,0,8]},"faces":{"north":{"uv":[4,0,0,1.5],"texture":"#0","tintindex":0},"east":{"uv":[4,0,0,1.5],"texture":"#0","tintindex":0},"south":{"uv":[8,0,4,1.5],"texture":"#0","tintindex":0},"west":{"uv":[4,0,0,1.5],"texture":"#0","tintindex":0},"up":{"uv":[8,0,12,4],"texture":"#0","tintindex":0}}},{"from":[12,3,12],"to":[4,0,4],"rotation":{"angle":0,"axis":"y","origin":[0,0,0]},"faces":{"north":{"uv":[8,0,4,1.5],"rotation":180,"texture":"#0","tintindex":0},"east":{"uv":[4,0,0,1.5],"rotation":180,"texture":"#0","tintindex":0},"south":{"uv":[4,0,0,1.5],"rotation":180,"texture":"#0","tintindex":0},"west":{"uv":[4,0,0,1.5],"rotation":180,"texture":"#0","tintindex":0},"down":{"uv":[8,0,12,4],"texture":"#0","tintindex":0}}}],"display":{"thirdperson_righthand":{"rotation":[64,58,0],"translation":[0,1.75,2],"scale":[0.4,0.4,0.4]},"thirdperson_lefthand":{"rotation":[64,58,0],"translation":[0,1.75,2],"scale":[0.4,0.4,0.4]},"firstperson_righthand":{"rotation":[0,-65,0],"translation":[9,5.5,-6.25]},"firstperson_lefthand":{"rotation":[0,-65,0],"translation":[9,5.5,-6.25]},"ground":{"translation":[0,2.25,0],"scale":[0.4,0.4,0.4]},"gui":{"rotation":[30,135,0],"translation":[0.5,5.5,0]},"head":{"rotation":[9,180,0],"translation":[0,18.25,2.25],"scale":[1.95,1.95,1.95]},"fixed":{"rotation":[-90,0,0],"translation":[0,0,-16.25],"scale":[2,2,2]}},"groups":[{"name":"group","origin":[8,8,8],"children":[0,1,2]},3]}