{
	"credit": "Made with Blockbench",
	"texture_size": [32, 32],
	"textures": {
		"0": "custom/cosmetics/owlsdev/butterfly_wing",
		"particle": "custom/cosmetics/owlsdev/butterfly_wing"
	},
	"elements": [
		{
			"from": [9, 0, 9],
			"to": [21.5, 9, 9],
			"rotation": {"angle": -45, "axis": "y", "origin": [9, 9, 9]},
			"faces": {
				"north": {"uv": [6.25, 0, 0, 4.5], "texture": "#0", "tintindex": 0},
				"south": {"uv": [0, 0, 6.25, 4.5], "texture": "#0", "tintindex": 0}
			}
		},
		{
			"from": [0, 9, 9],
			"to": [9, 21.5, 9],
			"rotation": {"angle": 45, "axis": "x", "origin": [9, 9, 9]},
			"faces": {
				"north": {"uv": [0, 0, 6.25, 4.5], "rotation": 270, "texture": "#0", "tintindex": 0},
				"south": {"uv": [6.25, 0, 0, 4.5], "rotation": 90, "texture": "#0", "tintindex": 0}
			}
		},
		{
			"from": [6.5, -0.75, 9],
			"to": [12.5, 7.25, 9],
			"rotation": {"angle": -22.5, "axis": "x", "origin": [8.5, 8.25, 9]},
			"faces": {
				"north": {"uv": [3, 4.5, 0, 8.5], "texture": "#0", "tintindex": 0},
				"south": {"uv": [0, 4.5, 3, 8.5], "texture": "#0", "tintindex": 0}
			}
		},
		{
			"from": [-0.5, 6.25, 9],
			"to": [7.5, 12.25, 9],
			"rotation": {"angle": 22.5, "axis": "y", "origin": [8.5, 8.25, 9]},
			"faces": {
				"north": {"uv": [0, 4.5, 3, 8.5], "rotation": 270, "texture": "#0", "tintindex": 0},
				"south": {"uv": [3, 4.5, 0, 8.5], "rotation": 90, "texture": "#0", "tintindex": 0}
			}
		},
		{
			"from": [9, 0, 9],
			"to": [21.5, 9, 9],
			"rotation": {"angle": -45, "axis": "y", "origin": [9, 9, 9]},
			"faces": {
				"north": {"uv": [12.5, 0, 6.25, 4.5], "texture": "#0"},
				"south": {"uv": [6.25, 0, 12.5, 4.5], "texture": "#0"}
			}
		},
		{
			"from": [6.5, -0.75, 9],
			"to": [12.5, 7.25, 9],
			"rotation": {"angle": -22.5, "axis": "x", "origin": [8.5, 8.25, 9]},
			"faces": {
				"north": {"uv": [9.25, 4.5, 6.25, 8.5], "texture": "#0"},
				"south": {"uv": [6.25, 4.5, 9.25, 8.5], "texture": "#0"}
			}
		},
		{
			"from": [-0.5, 6.25, 9],
			"to": [7.5, 12.25, 9],
			"rotation": {"angle": 22.5, "axis": "y", "origin": [8.5, 8.25, 9]},
			"faces": {
				"north": {"uv": [6.25, 4.5, 9.25, 8.5], "rotation": 270, "texture": "#0"},
				"south": {"uv": [9.25, 4.5, 6.25, 8.5], "rotation": 90, "texture": "#0"}
			}
		},
		{
			"from": [0, 9, 9],
			"to": [9, 21.5, 9],
			"rotation": {"angle": 45, "axis": "x", "origin": [9, 9, 9]},
			"faces": {
				"north": {"uv": [6.25, 0, 12.5, 4.5], "rotation": 270, "texture": "#0"},
				"south": {"uv": [12.5, 0, 6.25, 4.5], "rotation": 90, "texture": "#0"}
			}
		}
	],
	"gui_light": "front",
	"display": {
		"thirdperson_righthand": {
			"rotation": [64, 0, 45],
			"translation": [-5.75, -1.84375, 15.56875],
			"scale": [0, 0, 0]
		},
		"gui": {
			"rotation": [0, -180, 44],
			"scale": [0.75, 0.75, 0.75]
		},
		"head": {
			"rotation": [-26, 0, 45],
			"translation": [0, -51.25, -0.25],
			"scale": [3.2, 3.2, 3.2]
		}
	}
}