{
	"credit": "Made with Blockbench",
	"texture_size": [32, 32],
	"textures": {
		"1": "custom/cosmetics/owlsdev/crocodile_spear"
	},
	"elements": [
		{
			"from": [7, -5, 7],
			"to": [9, -3, 9],
			"faces": {
				"north": {"uv": [7, 0, 8, 1], "texture": "#1"},
				"east": {"uv": [7, 1, 8, 2], "texture": "#1"},
				"south": {"uv": [7, 2, 8, 3], "texture": "#1"},
				"west": {"uv": [7, 3, 8, 4], "texture": "#1"},
				"up": {"uv": [8, 5, 7, 4], "texture": "#1"},
				"down": {"uv": [8, 5, 7, 6], "texture": "#1"}
			}
		},
		{
			"from": [7, -1, 7],
			"to": [9, 0, 9],
			"faces": {
				"north": {"uv": [8, 1, 9, 1.5], "texture": "#1"},
				"east": {"uv": [8, 1.5, 9, 2], "texture": "#1"},
				"south": {"uv": [8, 2, 9, 2.5], "texture": "#1"},
				"west": {"uv": [8, 2.5, 9, 3], "texture": "#1"},
				"up": {"uv": [7, 8, 6, 7], "texture": "#1"},
				"down": {"uv": [8, 6, 7, 7], "texture": "#1"}
			}
		},
		{
			"from": [7, 7, 7],
			"to": [9, 8, 9],
			"faces": {
				"north": {"uv": [8, 3, 9, 3.5], "texture": "#1"},
				"east": {"uv": [8, 3.5, 9, 4], "texture": "#1"},
				"south": {"uv": [8, 4, 9, 4.5], "texture": "#1"},
				"west": {"uv": [8, 4.5, 9, 5], "texture": "#1"},
				"up": {"uv": [8, 8, 7, 7], "texture": "#1"},
				"down": {"uv": [3, 7.5, 2, 8.5], "texture": "#1"}
			}
		},
		{
			"from": [7, 9, 7],
			"to": [9, 10, 9],
			"faces": {
				"north": {"uv": [8, 5, 9, 5.5], "texture": "#1"},
				"east": {"uv": [8, 5.5, 9, 6], "texture": "#1"},
				"south": {"uv": [6, 8, 7, 8.5], "texture": "#1"},
				"west": {"uv": [8, 6, 9, 6.5], "texture": "#1"},
				"up": {"uv": [4, 8.5, 3, 7.5], "texture": "#1"},
				"down": {"uv": [5, 7.5, 4, 8.5], "texture": "#1"}
			}
		},
		{
			"from": [7, 14.5, 7],
			"to": [9, 19.5, 9],
			"faces": {
				"north": {"uv": [2, 5, 3, 7.5], "texture": "#1"},
				"east": {"uv": [3, 5, 4, 7.5], "texture": "#1"},
				"south": {"uv": [4, 5, 5, 7.5], "texture": "#1"},
				"west": {"uv": [5, 5, 6, 7.5], "texture": "#1"},
				"up": {"uv": [6, 8.5, 5, 7.5], "texture": "#1"},
				"down": {"uv": [9, 0, 8, 1], "texture": "#1"}
			}
		},
		{
			"from": [5, 19.5, 8],
			"to": [11, 29.25, 8],
			"faces": {
				"north": {"uv": [0, 0, 3, 4.995], "texture": "#1"},
				"east": {"uv": [0, 0, 0, 5], "texture": "#missing"},
				"south": {"uv": [3, 0, 5.945, 4.945], "texture": "#1"},
				"west": {"uv": [0, 0, 0, 5], "texture": "#missing"},
				"up": {"uv": [3, 0, 0, 0], "texture": "#missing"},
				"down": {"uv": [3, 0, 0, 0], "texture": "#missing"}
			}
		},
		{
			"from": [7.5, -3, 7.5],
			"to": [8.5, 19, 8.5],
			"faces": {
				"north": {"uv": [0, 5, 0.5, 16], "texture": "#1"},
				"east": {"uv": [0.5, 5, 1, 16], "texture": "#1"},
				"south": {"uv": [1, 5, 1.5, 16], "texture": "#1"},
				"west": {"uv": [1.5, 5, 2, 16], "texture": "#1"},
				"up": {"uv": [8.5, 7, 8, 6.5], "texture": "#missing"},
				"down": {"uv": [7.5, 8, 7, 8.5], "texture": "#missing"}
			}
		},
		{
			"from": [7.4, 0, 7.4],
			"to": [8.6, 7, 8.6],
			"faces": {
				"north": {"uv": [6, 0, 6.5, 3.5], "texture": "#1"},
				"east": {"uv": [6, 3.5, 6.5, 7], "texture": "#1"},
				"south": {"uv": [6.5, 0, 7, 3.5], "texture": "#1"},
				"west": {"uv": [6.5, 3.5, 7, 7], "texture": "#1"},
				"up": {"uv": [8.5, 7.5, 8, 7], "texture": "#missing"},
				"down": {"uv": [8, 8, 7.5, 8.5], "texture": "#missing"}
			}
		}
	],
	"display": {
		"thirdperson_righthand": {
			"rotation": [0, -74, 0],
			"translation": [0, 7.25, 1.25],
			"scale": [1, 1.57422, 1]
		},
		"thirdperson_lefthand": {
			"rotation": [0, -74, 0],
			"translation": [0, 7.25, 1.25],
			"scale": [1, 1.57422, 1]
		},
		"firstperson_righthand": {
			"translation": [3, 0, 0]
		},
		"firstperson_lefthand": {
			"translation": [3, 0, 0],
			"scale": [0, 0, 0]
		},
		"ground": {
			"translation": [0, 16.25, 0],
			"scale": [1, 1.39844, 1]
		},
		"gui": {
			"rotation": [0, 0, -40.5],
			"translation": [-0.75, -0.75, 0],
			"scale": [0.6, 0.6, 0.6]
		},
		"fixed": {
			"translation": [0, 0, -1.5]
		}
	},
	"groups": [
		{
			"name": "group",
			"origin": [8, 8, 8],
			"color": 0,
			"children": [0, 1, 2, 3, 4, 5, 6, 7]
		}
	]
}