{"credit":"Made with Blockbench","texture_size":[32,32],"textures":{"0":"custom/cosmetics/owlsdev/heart_balloon","particle":"custom/cosmetics/owlsdev/heart_balloon","1_0":"custom/cosmetics/owlsdev/heart_balloon"},"elements":[{"from":[-2,0,3],"to":[8,20,13],"rotation":{"angle":-45,"axis":"z","origin":[8,0,5]},"faces":{"north":{"uv":[0,0,5,10],"texture":"#0","tintindex":0},"east":{"uv":[10,10,0,15],"rotation":90,"texture":"#0","tintindex":0},"south":{"uv":[5,0,0,10],"texture":"#0","tintindex":0},"west":{"uv":[5,0,10,10],"texture":"#0","tintindex":0},"up":{"uv":[15,5,10,10],"rotation":270,"texture":"#0","tintindex":0},"down":{"uv":[0,10,5,15],"rotation":180,"texture":"#0","tintindex":0}}},{"from":[-12,0,3],"to":[-2,10,13],"rotation":{"angle":-45,"axis":"z","origin":[8,0,5]},"faces":{"north":{"uv":[5,5,10,10],"texture":"#0","tintindex":0},"south":{"uv":[10,5,5,10],"texture":"#0","tintindex":0},"west":{"uv":[10,5,15,10],"texture":"#0","tintindex":0},"up":{"uv":[10,0,5,5],"rotation":270,"texture":"#0","tintindex":0},"down":{"uv":[5,10,10,15],"rotation":180,"texture":"#0","tintindex":0}}},{"from":[6.5,-2.25,6.5],"to":[9.5,-1.25,9.5],"rotation":{"angle":0,"axis":"y","origin":[0,-0.25,0]},"faces":{"north":{"uv":[7,7.5,8.5,8],"texture":"#1_0","tintindex":0},"east":{"uv":[7,7.5,8.5,8],"texture":"#1_0","tintindex":0},"south":{"uv":[7,7.5,8.5,8],"texture":"#1_0","tintindex":0},"west":{"uv":[7,7.5,8.5,8],"texture":"#1_0","tintindex":0},"up":{"uv":[7,8,8.5,9.5],"texture":"#1_0","tintindex":0},"down":{"uv":[7,8,8.5,9.5],"texture":"#1_0","tintindex":0}}},{"from":[7,-1.25,8],"to":[9,0.75,8],"rotation":{"angle":-45,"axis":"y","origin":[8,-0.75,8]},"faces":{"north":{"uv":[7,7,8,7.5],"texture":"#1_0"},"south":{"uv":[7,7,8,7.5],"texture":"#1_0"}}},{"from":[7,-1.25,8],"to":[9,0.75,8],"rotation":{"angle":45,"axis":"y","origin":[8,-0.75,8]},"faces":{"north":{"uv":[7,7,8,7.5],"texture":"#1_0"},"south":{"uv":[7,7,8,7.5],"texture":"#1_0"}}},{"from":[2.5,-8.75,6.25],"to":[13.5,0.25,6.25],"faces":{"north":{"uv":[10,10,15.5,14.5],"texture":"#0","tintindex":0},"south":{"uv":[10,10,15.5,14.5],"texture":"#0","tintindex":0}}}],"display":{"gui":{"rotation":[30,135,0],"translation":[0,-0.25,0],"scale":[0.48,0.48,0.48]},"head":{"translation":[0,14.5,0],"scale":[2.2857,2.2857,2.2857]}},"groups":[0,1,{"name":"rubber_balloon","origin":[8,8,8],"color":0,"children":[2,3,4]},5]}