{"credit":"Made with Blockbench","textures":{"0":"custom/cosmetics/owlsdev/marshmallow_stick","particle":"custom/cosmetics/owlsdev/marshmallow_stick"},"elements":[{"from":[6,17,9],"to":[7,18,9],"faces":{"north":{"uv":[1,2,1.5,2.5],"texture":"#0"},"east":{"uv":[0,0,0,0.5],"texture":"#0"},"south":{"uv":[1,2,1.5,2.5],"texture":"#0"},"west":{"uv":[0,0,0,0.5],"texture":"#0"},"up":{"uv":[0,0,1,0],"texture":"#0"},"down":{"uv":[0,0,1,0],"texture":"#0"}}},{"from":[7,15,7],"to":[9,18,9],"faces":{"north":{"uv":[1,1,2,2.5],"texture":"#0"},"east":{"uv":[2,1,1,2.5],"texture":"#0"},"south":{"uv":[1,1,2,2.5],"texture":"#0"},"west":{"uv":[2,1,1,2.5],"texture":"#0"},"up":{"uv":[1,0,2,1],"texture":"#0"},"down":{"uv":[1,2.5,2,3.5],"texture":"#0"}}},{"from":[7.5,0,7.5],"to":[8.5,20,8.5],"faces":{"north":{"uv":[0,0,0.5,10],"texture":"#0"},"east":{"uv":[0,0,0.5,10],"texture":"#0"},"south":{"uv":[0,0,0.5,10],"texture":"#0"},"west":{"uv":[0,0,0.5,10],"texture":"#0"},"up":{"uv":[0,0,0.5,0.5],"texture":"#0"},"down":{"uv":[0,9.5,0.5,10],"texture":"#0"}}}],"display":{"thirdperson_righthand":{"rotation":[1.0,-84.0,13.0],"translation":[-1.46875,6.4375,0.625],"scale":[0.9375,0.9375,0.9375]},"thirdperson_lefthand":{"rotation":[1,84,-13],"translation":[-0.5,7,0]},"firstperson_righthand":{"rotation":[-78,-73,-49],"translation":[4.25,2,2.5]},"firstperson_lefthand":{"rotation":[-70,116,40],"translation":[4.25,2,2.5],"scale":[0,0,0]},"ground":{"translation":[0,4.5,0],"scale":[0.4,0.4,0.4]},"gui":{"rotation":[25,-137,58],"translation":[-1.5,-1.5,0]},"head":{"rotation":[0,180,90],"translation":[0,-0.75,-0.75],"scale":[1.6,1.6,1.6]},"fixed":{"rotation":[-90,0,0],"translation":[0,-1,-14],"scale":[2,2,2]}},"groups":[{"name":"group","origin":[8,8,8],"children":[0,1,2]}]}