{
	"credit": "Made with Blockbench",
	"texture_size": [64, 64],
	"textures": {
		"0": "custom/cosmetics/owlsdev/rainbow_balloon",
		"particle": "custom/cosmetics/owlsdev/rainbow_balloon"
	},
	"elements": [
		{
			"from": [0, 0, -8],
			"to": [16, 16, 8],
			"faces": {
				"north": {"uv": [0, 0, 4, 4], "texture": "#0", "tintindex": 0},
				"east": {"uv": [8, 0, 4, 4], "texture": "#0", "tintindex": 0},
				"south": {"uv": [4, 0, 0, 4], "texture": "#0", "tintindex": 0},
				"west": {"uv": [4, 0, 8, 4], "texture": "#0", "tintindex": 0},
				"up": {"uv": [4, 4, 0, 8], "texture": "#0", "tintindex": 0},
				"down": {"uv": [8, 8, 4, 4], "texture": "#0", "tintindex": 0}
			}
		},
		{
			"from": [-7, 0, -5],
			"to": [0, 9, 5],
			"faces": {
				"north": {"uv": [8, 1.75, 9.75, 4], "texture": "#0", "tintindex": 0},
				"south": {"uv": [12.25, 1.75, 14, 4], "texture": "#0", "tintindex": 0},
				"west": {"uv": [9.75, 1.75, 12.25, 4], "texture": "#0", "tintindex": 0},
				"up": {"uv": [8, 0, 10.5, 1.75], "rotation": 90, "texture": "#0", "tintindex": 0},
				"down": {"uv": [13, 0, 10.5, 1.75], "rotation": 90, "texture": "#0", "tintindex": 0}
			}
		},
		{
			"from": [16, 0, -5],
			"to": [23, 9, 5],
			"rotation": {"angle": 0, "axis": "y", "origin": [16, 0, 16]},
			"faces": {
				"north": {"uv": [12.25, 1.75, 14, 4], "texture": "#0", "tintindex": 0},
				"east": {"uv": [12.25, 1.75, 9.75, 4], "texture": "#0", "tintindex": 0},
				"south": {"uv": [8, 1.75, 9.75, 4], "texture": "#0", "tintindex": 0},
				"up": {"uv": [8, 1.75, 10.5, 0], "rotation": 90, "texture": "#0", "tintindex": 0},
				"down": {"uv": [13, 1.75, 10.5, 0], "rotation": 90, "texture": "#0", "tintindex": 0}
			}
		},
		{
			"from": [5, 0, 8],
			"to": [11, 12, 24],
			"faces": {
				"north": {"uv": [4, 8, 5.5, 11], "texture": "#0"},
				"east": {"uv": [9.5, 8, 5.5, 11], "texture": "#0"},
				"west": {"uv": [5.5, 8, 9.5, 11], "texture": "#0"},
				"up": {"uv": [4, 12.5, 8, 14], "rotation": 90, "texture": "#0"},
				"down": {"uv": [4, 12.5, 0, 14], "rotation": 90, "texture": "#0"}
			}
		},
		{
			"name": "cube inverted",
			"from": [11, 12, 24],
			"to": [5, 0, 8],
			"faces": {
				"north": {"uv": [9, 5.75, 10.75, 7.25], "texture": "#0"},
				"east": {"uv": [5.5, 11, 9.5, 8], "texture": "#0"},
				"south": {"uv": [4, 11, 5.5, 8], "texture": "#0"},
				"west": {"uv": [9.5, 11, 5.5, 8], "texture": "#0"},
				"up": {"uv": [4, 14, 0, 12.5], "rotation": 90, "texture": "#0"},
				"down": {"uv": [4, 14, 8, 12.5], "rotation": 90, "texture": "#0"}
			}
		}
	],
	"display": {
		"gui": {
			"rotation": [30, -45, 0],
			"translation": [-1.5, 0.25, 0],
			"scale": [0.4, 0.4, 0.4]
		},
		"head": {
			"translation": [0, 12.25, 22.75],
			"scale": [2.2857, 2.2857, 2.2857]
		}
	},
	"groups": [
		{
			"name": "group",
			"origin": [16, 0, 16],
			"color": 0,
			"children": [0, 1, 2]
		},
		{
			"name": "group",
			"origin": [0, 0, 0],
			"color": 0,
			"children": [3, 4]
		}
	]
}