{"credit":"Made with Blockbench","texture_size":[64,64],"textures":{"0":"custom/cosmetics/owlsdev/tiger_lantern","1":"custom/decorations/candle_1","particle":"custom/cosmetics/owlsdev/tiger_lantern"},"elements":[{"from":[-4.5,0,-4.5],"to":[20.5,20,20.5],"faces":{"north":{"uv":[0,6.25,6.25,11.25],"texture":"#0","tintindex":0},"east":{"uv":[6.25,6.25,12.5,11.25],"texture":"#0","tintindex":0},"south":{"uv":[0,6.25,6.25,11.25],"texture":"#0","tintindex":0},"west":{"uv":[6.25,6.25,12.5,11.25],"texture":"#0","tintindex":0},"up":{"uv":[0,0,6.25,6.25],"texture":"#0","tintindex":0},"down":{"uv":[6.25,0,12.5,6.25],"texture":"#0","tintindex":0}}},{"from":[-1.5,20,-1.5],"to":[17.5,22,17.5],"faces":{"north":{"uv":[4.75,11.25,9.5,11.75],"texture":"#0"},"east":{"uv":[4.75,11.25,9.5,11.75],"texture":"#0"},"south":{"uv":[4.75,11.25,9.5,11.75],"texture":"#0"},"west":{"uv":[4.75,11.25,9.5,11.75],"texture":"#0"},"up":{"uv":[0,11.25,4.75,16],"texture":"#0"}}},{"name":"cube inverted","from":[20.5,20,20.5],"to":[-4.5,0,-4.5],"faces":{"north":{"uv":[0,11.25,6.25,6.25],"texture":"#0","tintindex":0},"east":{"uv":[6.25,11.25,12.5,6.25],"texture":"#0","tintindex":0},"south":{"uv":[0,11.25,6.25,6.25],"texture":"#0","tintindex":0},"west":{"uv":[6.25,11.25,12.5,6.25],"texture":"#0","tintindex":0},"up":{"uv":[12.5,0,6.25,6.25],"texture":"#0","tintindex":0},"down":{"uv":[6.25,0,0,6.25],"texture":"#0","tintindex":0}}},{"name":"cube inverted","from":[17.5,22,17.5],"to":[-1.5,20,-1.5],"faces":{"north":{"uv":[4.75,11.75,9.5,11.25],"texture":"#0"},"east":{"uv":[4.75,11.75,9.5,11.25],"texture":"#0"},"south":{"uv":[4.75,11.75,9.5,11.25],"texture":"#0"},"west":{"uv":[4.75,11.75,9.5,11.25],"texture":"#0"},"down":{"uv":[4.75,11.25,0,16],"texture":"#0"}}},{"name":"cube inverted","from":[17.5,0,17.5],"to":[-1.5,-2,-1.5],"rotation":{"angle":0,"axis":"y","origin":[0,16,0]},"faces":{"north":{"uv":[4.75,11.25,9.5,11.75],"texture":"#0"},"east":{"uv":[4.75,11.25,9.5,11.75],"texture":"#0"},"south":{"uv":[4.75,11.25,9.5,11.75],"texture":"#0"},"west":{"uv":[4.75,11.25,9.5,11.75],"texture":"#0"},"up":{"uv":[4.75,16,0,11.25],"texture":"#0"}}},{"from":[-1.5,-2,-1.5],"to":[17.5,0,17.5],"rotation":{"angle":0,"axis":"y","origin":[0,16,0]},"faces":{"north":{"uv":[4.75,11.75,9.5,11.25],"texture":"#0"},"east":{"uv":[4.75,11.75,9.5,11.25],"texture":"#0"},"south":{"uv":[4.75,11.75,9.5,11.25],"texture":"#0"},"west":{"uv":[4.75,11.75,9.5,11.25],"texture":"#0"},"down":{"uv":[0,16,4.75,11.25],"texture":"#0"}}},{"from":[6.5,-1,8],"to":[9.5,2,8],"rotation":{"angle":-45,"axis":"y","origin":[8,0.5,8]},"faces":{"north":{"uv":[9,0,12,3],"texture":"#1"},"east":{"uv":[0,0,0,1],"texture":"#1"},"south":{"uv":[9,0,12,3],"texture":"#1"},"west":{"uv":[0,0,0,1],"texture":"#1"},"up":{"uv":[0,0,0.75,0],"texture":"#1"},"down":{"uv":[0,0,0.75,0],"texture":"#1"}}},{"from":[6.5,-1,8],"to":[9.5,2,8],"rotation":{"angle":45,"axis":"y","origin":[8,0.5,8]},"faces":{"north":{"uv":[9,0,12,3],"texture":"#1"},"east":{"uv":[0,0,0,1],"texture":"#1"},"south":{"uv":[9,0,12,3],"texture":"#1"},"west":{"uv":[0,0,0,1],"texture":"#1"},"up":{"uv":[0,0,0.75,0],"texture":"#1"},"down":{"uv":[0,0,0.75,0],"texture":"#1"}}}],"display":{"gui":{"rotation":[30,-45,0],"translation":[0,-0.75,0],"scale":[0.4,0.4,0.4]},"head":{"translation":[0,17,0],"scale":[2.2857,2.2857,2.2857]}}}