{"credit":"Made with Blockbench","textures":{"1":"custom/cosmetics/owlsdev/travel_case"},"elements":[{"from":[-1.5,0,5.5],"to":[17.5,13,10.5],"faces":{"north":{"uv":[0,0,9.5,6.5],"texture":"#1","tintindex":0},"east":{"uv":[13.5,0,16,6.5],"texture":"#1","tintindex":0},"south":{"uv":[0,0,9.5,6.5],"texture":"#1","tintindex":0},"west":{"uv":[13.5,0,16,6.5],"texture":"#1","tintindex":0},"up":{"uv":[13.5,6.5,16,16],"rotation":90,"texture":"#1","tintindex":0},"down":{"uv":[13.5,6.5,16,16],"rotation":90,"texture":"#1","tintindex":0}}},{"from":[-1.7,-0.2,5.3],"to":[17.7,13.2,10.7],"faces":{"north":{"uv":[0,6.5,9.5,13],"texture":"#1"},"east":{"uv":[11,0,13.5,6.5],"texture":"#1"},"south":{"uv":[0,6.5,9.5,13],"texture":"#1"},"west":{"uv":[11,0,13.5,6.5],"texture":"#1"},"up":{"uv":[11,6.5,13.5,16],"rotation":90,"texture":"#1"},"down":{"uv":[11,6.5,13.5,16],"rotation":90,"texture":"#1"}}},{"from":[17.7,13.2,10.7],"to":[-1.7,-0.2,5.3],"faces":{"north":{"uv":[0,13,9.5,6.5],"texture":"#1"},"east":{"uv":[11,0,13.5,6.5],"texture":"#1"},"south":{"uv":[0,13,9.5,6.5],"texture":"#1"},"west":{"uv":[11,0,13.5,6.5],"texture":"#1"},"up":{"uv":[11,6.5,13.5,16],"rotation":90,"texture":"#1"},"down":{"uv":[11,6.5,13.5,16],"rotation":90,"texture":"#1"}}},{"from":[9.5,13,8.5],"to":[12.5,17,8.5],"rotation":{"angle":0,"axis":"y","origin":[8,6,17]},"faces":{"north":{"uv":[0,14,1.5,16],"texture":"#1","tintindex":0},"south":{"uv":[1.5,14,0,16],"texture":"#1","tintindex":0}}},{"from":[3.5,13,8.5],"to":[6.5,17,8.5],"rotation":{"angle":0,"axis":"y","origin":[8,6,17]},"faces":{"north":{"uv":[3,14,4.5,16],"texture":"#1","tintindex":0},"south":{"uv":[4.5,14,3,16],"texture":"#1","tintindex":0}}},{"from":[6.5,13,8.5],"to":[9.5,17,8.5],"rotation":{"angle":0,"axis":"y","origin":[8,6,17]},"faces":{"north":{"uv":[1.5,14,3,16],"texture":"#1"},"south":{"uv":[3,14,1.5,16],"texture":"#1"}}}],"display":{"thirdperson_righthand":{"rotation":[67.0,89.0,-0.0],"translation":[-2.640625,-4.8125,-3.125],"scale":[0.9375,0.9375,0.9375]},"thirdperson_lefthand":{"rotation":[67,-89,0],"translation":[0.75,-5,-4]},"firstperson_righthand":{"rotation":[0,111,0],"translation":[5.75,-4,-0.75]},"firstperson_lefthand":{"rotation":[0,111,0],"translation":[5.75,-4,-0.75],"scale":[0,0,0]},"ground":{"translation":[0,6.5,0],"scale":[0.4,0.4,0.4]},"gui":{"rotation":[30,-45,0],"translation":[0,0.75,0],"scale":[0.8,0.8,0.8]},"head":{"rotation":[90,0,128],"translation":[-1.5,10,-1.5],"scale":[1.6,1.6,1.6]},"fixed":{"translation":[0,0,-5.25],"scale":[2,2,2]}},"groups":[0,1,2,{"name":"group","origin":[8,8,8],"children":[3,4,5]}]}