{"textures":{"particle":"custom/cosmetics/owlsdev/unicorn_hat"},"elements":[{"from":[3,0,9],"to":[4,1,11],"rotation":{"angle":0,"axis":"y","origin":[11,8,18]},"faces":{"north":{"uv":[1.5,8.5,2,9],"texture":"#particle"},"east":{"uv":[0.5,8.5,1.5,9],"texture":"#particle"},"south":{"uv":[3,8.5,3.5,9],"texture":"#particle"},"west":{"uv":[2,8.5,3,9],"texture":"#particle"},"up":{"uv":[2,8.5,1.5,7.5],"texture":"#particle"},"down":{"uv":[2,10,1.5,9],"texture":"#particle"}}},{"from":[12,0,9],"to":[13,1,11],"rotation":{"angle":0,"axis":"y","origin":[5,8,18]},"faces":{"north":{"uv":[2,8.5,1.5,9],"texture":"#particle"},"east":{"uv":[3,8.5,2,9],"texture":"#particle"},"south":{"uv":[3.5,8.5,3,9],"texture":"#particle"},"west":{"uv":[1.5,8.5,0.5,9],"texture":"#particle"},"up":{"uv":[1.5,8.5,2,7.5],"texture":"#particle"},"down":{"uv":[1.5,10,2,9],"texture":"#particle"}}},{"from":[3,5,9],"to":[4,6,11],"rotation":{"angle":0,"axis":"y","origin":[11,13,18]},"faces":{"north":{"uv":[1.5,5,2,5.5],"texture":"#particle"},"east":{"uv":[0.5,5,1.5,5.5],"texture":"#particle"},"south":{"uv":[3,5,3.5,5.5],"texture":"#particle"},"west":{"uv":[2,5,3,5.5],"texture":"#particle"},"up":{"uv":[2,5,1.5,4],"texture":"#particle"},"down":{"uv":[2,6.5,1.5,5.5],"texture":"#particle"}}},{"from":[12,5,9],"to":[13,6,11],"rotation":{"angle":0,"axis":"y","origin":[5,13,18]},"faces":{"north":{"uv":[2,5,1.5,5.5],"texture":"#particle"},"east":{"uv":[3,5,2,5.5],"texture":"#particle"},"south":{"uv":[3.5,5,3,5.5],"texture":"#particle"},"west":{"uv":[1.5,5,0.5,5.5],"texture":"#particle"},"up":{"uv":[1.5,5,2,4],"texture":"#particle"},"down":{"uv":[1.5,6.5,2,5.5],"texture":"#particle"}}},{"from":[4,6,9],"to":[5,7,11],"rotation":{"angle":0,"axis":"y","origin":[12,14,18]},"faces":{"north":{"uv":[1.5,1.5,2,2],"texture":"#particle"},"east":{"uv":[0.5,1.5,1.5,2],"texture":"#particle"},"south":{"uv":[3,1.5,3.5,2],"texture":"#particle"},"west":{"uv":[2,1.5,3,2],"texture":"#particle"},"up":{"uv":[2,1.5,1.5,0.5],"texture":"#particle"},"down":{"uv":[2,3,1.5,2],"texture":"#particle"}}},{"from":[11,6,9],"to":[12,7,11],"rotation":{"angle":0,"axis":"y","origin":[4,14,18]},"faces":{"north":{"uv":[2,1.5,1.5,2],"texture":"#particle"},"east":{"uv":[3,1.5,2,2],"texture":"#particle"},"south":{"uv":[3.5,1.5,3,2],"texture":"#particle"},"west":{"uv":[1.5,1.5,0.5,2],"texture":"#particle"},"up":{"uv":[1.5,1.5,2,0.5],"texture":"#particle"},"down":{"uv":[1.5,3,2,2],"texture":"#particle"}}},{"from":[4,0,10],"to":[5,1,11],"rotation":{"angle":0,"axis":"y","origin":[12,8,18]},"faces":{"north":{"uv":[10,4.5,10.5,5],"texture":"#particle"},"down":{"uv":[10.5,5.5,10,5],"texture":"#particle"}}},{"from":[11,0,10],"to":[12,1,11],"rotation":{"angle":0,"axis":"y","origin":[4,8,18]},"faces":{"north":{"uv":[10.5,4.5,10,5],"texture":"#particle"},"down":{"uv":[10,5.5,10.5,5],"texture":"#particle"}}},{"from":[7,0,7],"to":[8,1,8],"rotation":{"angle":0,"axis":"y","origin":[12,8,15]},"faces":{"south":{"uv":[2,11.5,2.5,12],"texture":"#particle"},"west":{"uv":[2,11.5,2.5,12],"texture":"#particle"},"up":{"uv":[2.5,11.5,2,11],"texture":"#particle"},"down":{"uv":[2.5,12.5,2,12],"texture":"#particle"}}},{"from":[7,0,6],"to":[8,3,7],"rotation":{"angle":0,"axis":"y","origin":[12,8,14]},"faces":{"north":{"uv":[14,7.5,14.5,9],"texture":"#particle"},"east":{"uv":[14,7.5,14.5,9],"texture":"#particle"},"south":{"uv":[14,7.5,14.5,9],"texture":"#particle"},"west":{"uv":[14,7.5,14.5,9],"texture":"#particle"},"up":{"uv":[14.5,7.5,14,7],"texture":"#particle"},"down":{"uv":[14.5,9.5,14,9],"texture":"#particle"}}},{"from":[7,2,5],"to":[8,5,6],"rotation":{"angle":0,"axis":"y","origin":[12,10,13]},"faces":{"north":{"uv":[14,4,14.5,5.5],"texture":"#particle"},"east":{"uv":[14,4,14.5,5.5],"texture":"#particle"},"south":{"uv":[14,4,14.5,5.5],"texture":"#particle"},"west":{"uv":[14,4,14.5,5.5],"texture":"#particle"},"up":{"uv":[14.5,4,14,3.5],"texture":"#particle"},"down":{"uv":[14.5,6,14,5.5],"texture":"#particle"}}},{"from":[7,4,4],"to":[8,6,5],"rotation":{"angle":0,"axis":"y","origin":[12,12,12]},"faces":{"north":{"uv":[14,1,14.5,2],"texture":"#particle"},"east":{"uv":[14,1,14.5,2],"texture":"#particle"},"south":{"uv":[14,1,14.5,2],"texture":"#particle"},"west":{"uv":[14,1,14.5,2],"texture":"#particle"},"up":{"uv":[14.5,1,14,0.5],"texture":"#particle"},"down":{"uv":[14.5,2.5,14,2],"texture":"#particle"}}},{"from":[8,1,6],"to":[9,4,7],"rotation":{"angle":0,"axis":"y","origin":[13,9,14]},"faces":{"north":{"uv":[12.5,7.5,13,9],"texture":"#particle"},"east":{"uv":[12.5,7.5,13,9],"texture":"#particle"},"south":{"uv":[12.5,7.5,13,9],"texture":"#particle"},"west":{"uv":[12.5,7.5,13,9],"texture":"#particle"},"up":{"uv":[13,7.5,12.5,7],"texture":"#particle"},"down":{"uv":[13,9.5,12.5,9],"texture":"#particle"}}},{"from":[8,3,5],"to":[9,6,6],"rotation":{"angle":0,"axis":"y","origin":[13,11,13]},"faces":{"north":{"uv":[12.5,4,13,5.5],"texture":"#particle"},"east":{"uv":[12.5,4,13,5.5],"texture":"#particle"},"south":{"uv":[12.5,4,13,5.5],"texture":"#particle"},"west":{"uv":[12.5,4,13,5.5],"texture":"#particle"},"up":{"uv":[13,4,12.5,3.5],"texture":"#particle"},"down":{"uv":[13,6,12.5,5.5],"texture":"#particle"}}},{"from":[8,5,4],"to":[9,7,5],"rotation":{"angle":0,"axis":"y","origin":[13,13,12]},"faces":{"north":{"uv":[12.5,1,13,2],"texture":"#particle"},"east":{"uv":[12.5,1,13,2],"texture":"#particle"},"south":{"uv":[12.5,1,13,2],"texture":"#particle"},"west":{"uv":[12.5,1,13,2],"texture":"#particle"},"up":{"uv":[13,1,12.5,0.5],"texture":"#particle"},"down":{"uv":[13,2.5,12.5,2],"texture":"#particle"}}},{"from":[8,0,7],"to":[9,2,8],"rotation":{"angle":0,"axis":"y","origin":[13,8,15]},"faces":{"north":{"uv":[0.5,11.5,1,12.5],"texture":"#particle"},"east":{"uv":[0.5,11.5,1,12.5],"texture":"#particle"},"south":{"uv":[0.5,11.5,1,12.5],"texture":"#particle"},"west":{"uv":[0.5,11.5,1,12.5],"texture":"#particle"},"up":{"uv":[1,11.5,0.5,11],"texture":"#particle"},"down":{"uv":[1,13,0.5,12.5],"texture":"#particle"}}},{"from":[4,0,11],"to":[5,1,12],"rotation":{"angle":0,"axis":"y","origin":[12,8,19]},"faces":{"south":{"uv":[8.5,4.5,9,5],"texture":"#particle"},"west":{"uv":[8,4.5,8.5,5],"texture":"#particle"},"down":{"uv":[8.5,5,9,5.5],"texture":"#particle"}}},{"from":[11,0,11],"to":[12,1,12],"rotation":{"angle":0,"axis":"y","origin":[4,8,19]},"faces":{"east":{"uv":[8.5,4.5,8,5],"texture":"#particle"},"south":{"uv":[9,4.5,8.5,5],"texture":"#particle"},"down":{"uv":[9,5,8.5,5.5],"texture":"#particle"}}},{"from":[5,0,10],"to":[6,2,12],"rotation":{"angle":0,"axis":"y","origin":[13,9,19]},"faces":{"north":{"uv":[11,1.5,11.5,2.5],"texture":"#particle"},"east":{"uv":[10,1.5,11,2.5],"texture":"#particle"},"south":{"uv":[9.5,1.5,10,2.5],"texture":"#particle"},"up":{"uv":[11.5,1.5,11,0.5],"texture":"#particle"},"down":{"uv":[11.5,3.5,11,2.5],"texture":"#particle"}}},{"from":[10,0,10],"to":[11,2,12],"rotation":{"angle":0,"axis":"y","origin":[3,9,19]},"faces":{"north":{"uv":[11.5,1.5,11,2.5],"texture":"#particle"},"south":{"uv":[10,1.5,9.5,2.5],"texture":"#particle"},"west":{"uv":[11,1.5,10,2.5],"texture":"#particle"},"up":{"uv":[11,1.5,11.5,0.5],"texture":"#particle"},"down":{"uv":[11,3.5,11.5,2.5],"texture":"#particle"}}},{"from":[2,1,9],"to":[3,5,11],"rotation":{"angle":0,"axis":"y","origin":[10,9,18]},"faces":{"north":{"uv":[5.5,6.5,6,8.5],"texture":"#particle"},"east":{"uv":[4.5,6.5,5.5,8.5],"texture":"#particle"},"south":{"uv":[7,6.5,7.5,8.5],"texture":"#particle"},"west":{"uv":[6,6.5,7,8.5],"texture":"#particle"},"up":{"uv":[6,6.5,5.5,5.5],"texture":"#particle"},"down":{"uv":[6,9.5,5.5,8.5],"texture":"#particle"}}},{"from":[13,1,9],"to":[14,5,11],"rotation":{"angle":0,"axis":"y","origin":[6,9,18]},"faces":{"north":{"uv":[6,6.5,5.5,8.5],"texture":"#particle"},"east":{"uv":[7,6.5,6,8.5],"texture":"#particle"},"south":{"uv":[7.5,6.5,7,8.5],"texture":"#particle"},"west":{"uv":[5.5,6.5,4.5,8.5],"texture":"#particle"},"up":{"uv":[5.5,6.5,6,5.5],"texture":"#particle"},"down":{"uv":[5.5,9.5,6,8.5],"texture":"#particle"}}},{"from":[3,1,10],"to":[5,5,12],"rotation":{"angle":0,"axis":"y","origin":[11,9,19]},"faces":{"north":{"uv":[5.5,1.5,6.5,3.5],"texture":"#particle"},"east":{"uv":[4.5,1.5,5.5,3.5],"texture":"#particle"},"south":{"uv":[7.5,1.5,8.5,3.5],"texture":"#particle"},"west":{"uv":[6.5,1.5,7.5,3.5],"texture":"#particle"},"up":{"uv":[6.5,1.5,5.5,0.5],"texture":"#particle"},"down":{"uv":[6.5,4.5,5.5,3.5],"texture":"#particle"}}},{"from":[11,1,10],"to":[13,5,12],"rotation":{"angle":0,"axis":"y","origin":[5,9,19]},"faces":{"north":{"uv":[6.5,1.5,5.5,3.5],"texture":"#particle"},"east":{"uv":[7.5,1.5,6.5,3.5],"texture":"#particle"},"south":{"uv":[8.5,1.5,7.5,3.5],"texture":"#particle"},"west":{"uv":[5.5,1.5,4.5,3.5],"texture":"#particle"},"up":{"uv":[5.5,1.5,6.5,0.5],"texture":"#particle"},"down":{"uv":[5.5,4.5,6.5,3.5],"texture":"#particle"}}},{"from":[4,5,10],"to":[5,6,12],"rotation":{"angle":0,"axis":"y","origin":[11,10,19]},"faces":{"north":{"uv":[9.5,7.5,10,8],"texture":"#particle"},"east":{"uv":[8.5,7.5,9.5,8],"texture":"#particle"},"south":{"uv":[11,7.5,11.5,8],"texture":"#particle"},"west":{"uv":[10,7.5,11,8],"texture":"#particle"},"up":{"uv":[10,7.5,9.5,6.5],"texture":"#particle"}}},{"from":[11,5,10],"to":[12,6,12],"rotation":{"angle":0,"axis":"y","origin":[5,10,19]},"faces":{"north":{"uv":[10,7.5,9.5,8],"texture":"#particle"},"east":{"uv":[11,7.5,10,8],"texture":"#particle"},"south":{"uv":[11.5,7.5,11,8],"texture":"#particle"},"west":{"uv":[9.5,7.5,8.5,8],"texture":"#particle"},"up":{"uv":[9.5,7.5,10,6.5],"texture":"#particle"}}}],"display":{"thirdperson_righthand":{"rotation":[75,45,0],"translation":[0,3.5,2],"scale":[0.55,0.55,0.55]},"thirdperson_lefthand":{"rotation":[75,45,0],"translation":[0,3.5,2],"scale":[0.55,0.55,0.55]},"firstperson_righthand":{"rotation":[0,135,0],"translation":[-0.5,4.5,0.5],"scale":[0.4,0.4,0.4]},"firstperson_lefthand":{"rotation":[0,135,0],"translation":[-0.5,4.5,0.5],"scale":[0.4,0.4,0.4]},"ground":{"translation":[0,5,0]},"gui":{"rotation":[30,225,0],"translation":[1,4,0]},"head":{"translation":[0,17.65,-1.5],"scale":[1.6,1.61,1.6]},"fixed":{"rotation":[-90,0,0],"translation":[0,0,-10],"scale":[1.5,1.5,1.5]}}}