{
    "providers": [
        {
            "type": "bitmap",
            "file": "custom/ui/cosmetics_menu/redeem_menu.png",
            "ascent": 19,
            "height": 256,
            "chars": [
                "࢘"
            ]
        },
        {
            "type": "bitmap",
            "file": "custom/ui/owlsdev/kits_menu.png",
            "ascent": 98,
            "height": 256,
            "chars": [
                "ࡊ"
            ]
        },
        {
            "type": "bitmap",
            "file": "custom/ui/owlsdev/daily.png",
            "ascent": 80,
            "height": 256,
            "chars": [
                "♉"
            ]
        },
        {
            "type": "bitmap",
            "file": "custom/ui/owlsdev/header_menu.png",
            "ascent": 80,
            "height": 256,
            "chars": [
                "⋿"
            ]
        },
        {
            "type": "bitmap",
            "file": "custom/ui/owlsdev/donate/warps/warps.png",
            "ascent": 80,
            "height": 256,
            "chars": [
                "∳"
            ]
        },
        {
            "type": "bitmap",
            "file": "custom/ui/owlsdev/donate/donate_menu.png",
            "ascent": 80,
            "height": 256,
            "chars": [
                "౰"
            ]
        },
        {
            "type": "bitmap",
            "file": "custom/ui/tags/player.png",
            "ascent": 7,
            "height": 7,
            "chars": [
                "ȶ"
            ]
        },
        {
            "type": "bitmap",
            "file": "custom/ui/tags/berserk.png",
            "ascent": 7,
            "height": 7,
            "chars": [
                "ȴ"
            ]
        },
        {
            "type": "bitmap",
            "file": "custom/ui/tags/master.png",
            "ascent": 7,
            "height": 7,
            "chars": [
                "ȳ"
            ]
        },
        {
            "type": "bitmap",
            "file": "custom/ui/tags/knight.png",
            "ascent": 7,
            "height": 7,
            "chars": [
                "Ȳ"
            ]
        },
        {
            "type": "bitmap",
            "file": "custom/ui/tags/general.png",
            "ascent": 7,
            "height": 7,
            "chars": [
                "ȱ"
            ]
        },
        {
            "type": "bitmap",
            "file": "custom/ui/tags/prince.png",
            "ascent": 7,
            "height": 7,
            "chars": [
                "Ȱ"
            ]
        },
        {
            "type": "bitmap",
            "file": "custom/ui/tags/lord.png",
            "ascent": 7,
            "height": 7,
            "chars": [
                "ȫ"
            ]
        },
        {
            "type": "bitmap",
            "file": "custom/ui/tags/crown.png",
            "ascent": 7,
            "height": 7,
            "chars": [
                "Ȫ"
            ]
        },
        {
            "type": "bitmap",
            "file": "custom/ui/tags/imperator.png",
            "ascent": 7,
            "height": 7,
            "chars": [
                "ȩ"
            ]
        },
        {
            "type": "bitmap",
            "file": "custom/ui/tags/legentary.png",
            "ascent": 7,
            "height": 7,
            "chars": [
                "Ȩ"
            ]
        },
        {
            "type": "bitmap",
            "file": "custom/ui/cd.png",
            "ascent": 9,
            "height": 11,
            "chars": [
                "ʣ"
            ]
        },
        {
            "type": "bitmap",
            "file": "custom/ui/clan.png",
            "ascent": 9,
            "height": 11,
            "chars": [
                "ʤ"
            ]
        },
        {
            "type": "bitmap",
            "file": "custom/ui/donate.png",
            "ascent": 11,
            "height": 16,
            "chars": [
                "ʥ"
            ]
        },
        {
            "type": "bitmap",
            "file": "custom/ui/grief.png",
            "ascent": 9,
            "height": 11,
            "chars": [
                "ʦ"
            ]
        },
        {
            "type": "bitmap",
            "file": "custom/ui/money.png",
            "ascent": 9,
            "height": 11,
            "chars": [
                "ʧ"
            ]
        },
        {
            "type": "bitmap",
            "file": "custom/ui/ncoins.png",
            "ascent": 9,
            "height": 11,
            "chars": [
                "ʨ"
            ]
        },
        {
            "type": "bitmap",
            "file": "custom/ui/nick.png",
            "ascent": 9,
            "height": 11,
            "chars": [
                "ʩ"
            ]
        },
        {
            "type": "bitmap",
            "file": "custom/ui/ping.png",
            "ascent": 9,
            "height": 11,
            "chars": [
                "ʪ"
            ]
        },
        {
            "type": "bitmap",
            "file": "custom/ui/time.png",
            "ascent": 9,
            "height": 11,
            "chars": [
                "ʬ"
            ]
        },
        {
            "type": "bitmap",
            "file": "custom/ui/owlsdev/markets/market_1.png",
            "ascent": 19,
            "height": 256,
            "chars": [
                "ࡃ"
            ]
        },
        {
            "type": "bitmap",
            "file": "custom/ui/owlsdev/kits_menu.png",
            "ascent": 19,
            "height": 256,
            "chars": [
                "ࡊ"
            ]
        },
        {
            "type": "bitmap",
            "file": "custom/ui/owlsdev/top10.png",
            "ascent": 7,
            "height": 13,
            "chars": [
                "΂"
            ]
        },
        {
            "type": "bitmap",
            "file": "custom/ui/owlsdev/markets/button_menu_main.png",
            "ascent": 19,
            "height": 256,
            "chars": [
                "࡬"
            ]
        },
        {
            "type": "bitmap",
            "file": "custom/ui/owlsdev/markets/runes_shop.png",
            "ascent": 19,
            "height": 256,
            "chars": [
                "᪉"
            ]
        },
        {
            "type": "bitmap",
            "file": "custom/ui/owlsdev/markets/drawer_shop.png",
            "ascent": 19,
            "height": 256,
            "chars": [
                "ࢆ"
            ]
        },
        {
            "type": "bitmap",
            "file": "custom/ui/owlsdev/markets/fisherman.png",
            "ascent": 19,
            "height": 256,
            "chars": [
                "࡭"
            ]
        },
        {
            "type": "bitmap",
            "file": "custom/ui/owlsdev/markets/trade_allow.png",
            "ascent": -4,
            "height": 64,
            "chars": [
                "ᨁ"
            ]
        },
        {
            "type": "bitmap",
            "file": "custom/ui/owlsdev/markets/trade_allow.png",
            "ascent": -22,
            "height": 64,
            "chars": [
                "ᨂ"
            ]
        },
        {
            "type": "bitmap",
            "file": "custom/ui/owlsdev/markets/trade_allow.png",
            "ascent": -40,
            "height": 64,
            "chars": [
                "ᨃ"
            ]
        },
        {
            "type": "bitmap",
            "file": "custom/ui/owlsdev/markets/trade_allow.png",
            "ascent": -58,
            "height": 64,
            "chars": [
                "ᨄ"
            ]
        },
        {
            "type": "bitmap",
            "file": "custom/ui/owlsdev/markets/trade_allow.png",
            "ascent": -76,
            "height": 64,
            "chars": [
                "ᨅ"
            ]
        },
        {
            "type": "bitmap",
            "file": "custom/ui/owlsdev/markets/trade_allow.png",
            "ascent": -94,
            "height": 64,
            "chars": [
                "ᨆ"
            ]
        },
        {
            "type": "bitmap",
            "file": "custom/ui/owlsdev/markets/menu_base.png",
            "ascent": 19,
            "height": 256,
            "chars": [
                "᝘"
            ]
        },
        {
            "type": "bitmap",
            "file": "custom/ui/boss_bar/background_center_128.png",
            "ascent": 13,
            "height": 18,
            "chars": [
                "⻲"
            ]
        },
        {
            "type": "bitmap",
            "file": "custom/ui/boss_bar/background_center_64.png",
            "ascent": 13,
            "height": 18,
            "chars": [
                "⻮"
            ]
        },
        {
            "type": "bitmap",
            "file": "custom/ui/boss_bar/player.png",
            "ascent": 8,
            "height": 10,
            "chars": [
                "ဩ"
            ]
        },
        {
            "type": "bitmap",
            "file": "custom/ui/owlsdev/mode.png",
            "ascent": 7,
            "height": 8,
            "chars": [
                "௫"
            ]
        },
        {
            "type": "bitmap",
            "file": "custom/ui/owlsdev/titles/aboba.png",
            "ascent": 7,
            "height": 7,
            "chars": [
                "⿀"
            ]
        },
        {
            "type": "bitmap",
            "file": "custom/ui/tags/common.png",
            "ascent": 7,
            "height": 7,
            "chars": [
                "⾰"
            ]
        },
        {
            "type": "bitmap",
            "file": "custom/ui/tags/rare.png",
            "ascent": 7,
            "height": 7,
            "chars": [
                "⾱"
            ]
        },
        {
            "type": "bitmap",
            "file": "custom/ui/tags/epic.png",
            "ascent": 7,
            "height": 7,
            "chars": [
                "⾲"
            ]
        },
        {
            "type": "bitmap",
            "file": "custom/ui/tags/legendary.png",
            "ascent": 7,
            "height": 7,
            "chars": [
                "⾳"
            ]
        },
        {
            "type": "bitmap",
            "file": "custom/ui/tags/limited.png",
            "ascent": 7,
            "height": 7,
            "chars": [
                "⾴"
            ]
        },
        {
            "type": "bitmap",
            "file": "custom/ui/tags/speech.png",
            "ascent": 7,
            "height": 7,
            "chars": [
                "ᆍ"
            ]
        },
        {
            "type": "bitmap",
            "file": "custom/ui/owlsdev/ruby_icon.png",
            "ascent": 7,
            "height": 8,
            "chars": [
                "ᢳ"
            ]
        },
        {
            "type": "bitmap",
            "file": "custom/ores/sapphire.png",
            "ascent": 8,
            "height": 10,
            "chars": [
                "ম"
            ]
        },
        {
            "type": "bitmap",
            "file": "custom/ores/ruby.png",
            "ascent": 8,
            "height": 10,
            "chars": [
                "ᵯ"
            ]
        },
        {
            "type": "bitmap",
            "file": "custom/ui/owlsdev/top10.png",
            "ascent": 15,
            "height": 20,
            "chars": [
                "΂"
            ]
        },
        {
            "type": "bitmap",
            "file": "custom/ui/owlsdev/titles/bro.png",
            "ascent": 7,
            "height": 7,
            "chars": [
                "⿁"
            ]
        },
        {
            "type": "bitmap",
            "file": "custom/ui/owlsdev/titles/chill.png",
            "ascent": 7,
            "height": 7,
            "chars": [
                "⿂"
            ]
        },
        {
            "type": "bitmap",
            "file": "custom/ui/owlsdev/titles/fuck.png",
            "ascent": 7,
            "height": 7,
            "chars": [
                "⿃"
            ]
        },
        {
            "type": "bitmap",
            "file": "custom/ui/owlsdev/titles/gg.png",
            "ascent": 7,
            "height": 7,
            "chars": [
                "⿄"
            ]
        },
        {
            "type": "bitmap",
            "file": "custom/ui/owlsdev/titles/hentai.png",
            "ascent": 7,
            "height": 7,
            "chars": [
                "⿅"
            ]
        },
        {
            "type": "bitmap",
            "file": "custom/ui/owlsdev/titles/ok.png",
            "ascent": 7,
            "height": 7,
            "chars": [
                "⿆"
            ]
        },
        {
            "type": "bitmap",
            "file": "custom/ui/owlsdev/titles/qq.png",
            "ascent": 7,
            "height": 7,
            "chars": [
                "⿇"
            ]
        },
        {
            "type": "bitmap",
            "file": "custom/ui/owlsdev/titles/smile.png",
            "ascent": 7,
            "height": 7,
            "chars": [
                "⿈"
            ]
        },
        {
            "type": "bitmap",
            "file": "custom/ui/owlsdev/titles/u_gay.png",
            "ascent": 7,
            "height": 7,
            "chars": [
                "⿉"
            ]
        },
        {
            "type": "ttf",
            "file": "minecraft:negative_spaces.ttf",
            "shift": [0.0, 0.0],
            "size": 10.0,
            "oversample": 1.0
        },
    {
      "type": "bitmap",
      "file": "custom/ui/menu_titles.png",
      "ascent": 20,
      "height": 20,
      "chars": [
        "씁",
        "씂",
        "씃",
        "씄",
        "씅",
        "씆",
        "씇",
        "씈",
        "씉",
        "씊",
        "씋",
        "씌",
        "씍",
        "씎",
        "씏",
        "씐",
        "씑",
        "씒",
        "씓",
        "씔",
        "씕",
        "씖",
        "씗",
        "씘",
        "씙",
        "씚",
        "씛"
      ]
    },
        {
            "type": "bitmap",
            "file": "custom/ui/owlsdev/notifications/discord.png",
            "ascent": 3,
            "height": 35,
            "chars": [
                "㊃"
            ]
        },
        {
            "type": "bitmap",
            "file": "custom/ui/owlsdev/notifications/emote.png",
            "ascent": 3,
            "height": 35,
            "chars": [
                "㊄"
            ]
        },
        {
            "type": "bitmap",
            "file": "custom/ui/owlsdev/notifications/present.png",
            "ascent": 3,
            "height": 35,
            "chars": [
                "㊅"
            ]
        },
        {
            "type": "bitmap",
            "file": "custom/ui/owlsdev/notifications/sell.png",
            "ascent": 3,
            "height": 35,
            "chars": [
                "㊆"
            ]
        },
        {
            "type": "bitmap",
            "file": "custom/ui/owlsdev/notifications/skins.png",
            "ascent": 3,
            "height": 35,
            "chars": [
                "㊇"
            ]
        },
        {
            "type": "bitmap",
            "file": "custom/ui/owlsdev/notifications/pixels.png",
            "ascent": 3,
            "height": 35,
            "chars": [
                "㊈"
            ]
        },
        {
            "type": "bitmap",
            "file": "custom/ui/owlsdev/crates.png",
            "ascent": 19,
            "height": 256,
            "chars": [
                "ࡹ"
            ]
        },
        {
            "type": "bitmap",
            "file": "custom/ui/owlsdev/donate/buy_info.png",
            "ascent": 13,
            "height": 256,
            "chars": [
                "Ҩ"
            ]
        },
        {
            "type": "bitmap",
            "file": "custom/ui/owlsdev/auction/auction_confirm.png",
            "ascent": 19,
            "height": 256,
            "chars": [
                "࢖"
            ]
        },
        {
            "type": "bitmap",
            "file": "custom/ui/owlsdev/auction/auction_main.png",
            "ascent": 19,
            "height": 256,
            "chars": [
                "࢑"
            ]
        },
        {
            "type": "bitmap",
            "file": "custom/ui/owlsdev/auction/auction_select_my.png",
            "ascent": 19,
            "height": 256,
            "chars": [
                "࢒"
            ]
        },
        {
            "type": "bitmap",
            "file": "custom/ui/owlsdev/auction/auction_select_expired.png",
            "ascent": 19,
            "height": 256,
            "chars": [
                "࢓"
            ]
        },
        {
            "type": "bitmap",
            "file": "custom/ui/owlsdev/auction/auction_select_buy.png",
            "ascent": 19,
            "height": 256,
            "chars": [
                "࢕"
            ]
        },
        {
            "type": "bitmap",
            "file": "custom/ui/owlsdev/auction/auction_start.png",
            "ascent": 19,
            "height": 256,
            "chars": [
                "ೳ"
            ]
        },
        {
            "type": "bitmap",
            "file": "custom/ui/owlsdev/bank_gui.png",
            "ascent": 19,
            "height": 256,
            "chars": [
                "୅"
            ]
        },
        {
            "type": "bitmap",
            "file": "custom/ui/owlsdev/skins_items.png",
            "ascent": 19,
            "height": 256,
            "chars": [
                "௑"
            ]
        },
        {
            "type": "bitmap",
            "file": "custom/ui/owlsdev/logo.png",
            "ascent": 22,
            "height": 30,
            "chars": [
                "ࡓ"
            ]
        },
        {
            "type": "bitmap",
            "file": "custom/ui/owlsdev/logo.png",
            "ascent": 0,
            "height": 50,
            "chars": [
                "ࡱ"
            ]
        },
        {
            "type": "bitmap",
            "file": "custom/ui/custom_crafts.png",
            "ascent": 19,
            "height": 256,
            "chars": [
                "ࡢ"
            ]
        },
        {
            "type": "bitmap",
            "file": "custom/ui/owlsdev/settings/settings.png",
            "ascent": 19,
            "height": 256,
            "chars": [
                "ࡴ"
            ]
        },
        {
            "type": "bitmap",
            "file": "custom/ui/owlsdev/exit_screen.png",
            "ascent": 128,
            "height": 256,
            "chars": [
                "ࡰ"
            ]
        },
        {
            "type": "bitmap",
            "file": "custom/ui/owlsdev/collect.png",
            "ascent": 45,
            "height": 256,
            "chars": [
                "ࡤ"
            ]
        },
        {
            "type": "bitmap",
            "file": "custom/ui/owlsdev/menu.png",
            "ascent": 19,
            "height": 256,
            "chars": [
                "෠"
            ]
        },
        {
            "type": "bitmap",
            "file": "custom/ui/owlsdev/titles_menu.png",
            "ascent": 19,
            "height": 256,
            "chars": [
                "੃"
            ]
        },
        {
            "type": "bitmap",
            "file": "custom/ui/titles_info.png",
            "ascent": 13,
            "height": 256,
            "chars": [
                "ੇ"
            ]
        },
        {
            "type": "bitmap",
            "file": "custom/ui/owlsdev/emotes/all.png",
            "ascent": 19,
            "height": 256,
            "chars": [
                "޼"
            ]
        },
        {
            "type": "bitmap",
            "file": "custom/ui/cosmetics_menu/color_menu.png",
            "ascent": 19,
            "height": 256,
            "chars": [
                "͸"
            ]
        },
        {
            "type": "bitmap",
            "file": "custom/ui/cosmetics_menu/color_menu.png",
            "ascent": 19,
            "height": 256,
            "chars": [
                "͸"
            ]
        },
        {
            "type": "bitmap",
            "file": "custom/ui/owlsdev/empty.png",
            "ascent": 1,
            "height": 1,
            "chars": [
                "͹"
            ]
        },
        {
            "type": "bitmap",
            "file": "custom/ui/owlsdev/black_box.png",
            "ascent": 100,
            "height": 256,
            "chars": [
                "ࡀ"
            ]
        },
        {
            "type": "bitmap",
            "file": "custom/ui/cosmetics_menu/cosm_hats1.png",
            "ascent": 19,
            "height": 256,
            "chars": [
                "৐"
            ]
        },
        {
            "type": "bitmap",
            "file": "custom/ui/cosmetics_menu/cosm_backpack2.png",
            "ascent": 19,
            "height": 256,
            "chars": [
                "৑"
            ]
        },
        {
            "type": "bitmap",
            "file": "custom/ui/cosmetics_menu/cosm_items3.png",
            "ascent": 19,
            "height": 256,
            "chars": [
                "৒"
            ]
        },
        {
            "type": "bitmap",
            "file": "custom/ui/cosmetics_menu/cosm_ballon4.png",
            "ascent": 19,
            "height": 256,
            "chars": [
                "৓"
            ]
        },
        {
            "type": "bitmap",
            "file": "custom/ui/tags/colored.png",
            "ascent": 7,
            "height": 7,
            "chars": [
                "৥"
            ]
        },
        {
            "type": "bitmap",
            "file": "custom/ui/tags/admin.png",
            "ascent": 7,
            "height": 7,
            "chars": [
                "\u11CE"
            ]
        },
        {
            "type": "bitmap",
            "file": "custom/ui/tags/smoder.png",
            "ascent": 7,
            "height": 7,
            "chars": [
                "\u12f0"
            ]
        },
        {
            "type": "bitmap",
            "file": "custom/ui/tags/moder.png",
            "ascent": 7,
            "height": 7,
            "chars": [
                "\u12F1"
            ]
        },
        {
            "type": "bitmap",
            "file": "custom/ui/tags/helper.png",
            "ascent": 7,
            "height": 7,
            "chars": [
                "\u12F2"
            ]
        },
        {
            "type": "bitmap",
            "file": "custom/ui/tags/youtube.png",
            "ascent": 7,
            "height": 7,
            "chars": [
                "\u12F3"
            ]
        },
        {
            "type": "bitmap",
            "file": "custom/ui/tags/tiktok.png",
            "ascent": 7,
            "height": 7,
            "chars": [
                "\u12F4"
            ]
        },
        {
            "type": "bitmap",
            "file": "custom/ui/tags/gold.png",
            "ascent": 7,
            "height": 7,
            "chars": [
                "\u11D0"
            ]
        },
        {
            "type": "bitmap",
            "file": "custom/ui/tags/hero.png",
            "ascent": 7,
            "height": 7,
            "chars": [
                "\u11D1"
            ]
        },
        {
            "type": "bitmap",
            "file": "custom/ui/tags/click.png",
            "ascent": 7,
            "height": 7,
            "chars": [
                "ࣉ"
            ]
        },
        {
            "type": "bitmap",
            "file": "custom/ui/tags/error_green.png",
            "ascent": 7,
            "height": 7,
            "chars": [
                "໠"
            ]
        },
        {
            "type": "bitmap",
            "file": "custom/ui/tags/error_yellow.png",
            "ascent": 7,
            "height": 7,
            "chars": [
                "໡"
            ]
        },
        {
            "type": "bitmap",
            "file": "custom/ui/tags/error_red.png",
            "ascent": 7,
            "height": 7,
            "chars": [
                "໢"
            ]
        },
        {
            "type": "bitmap",
            "file": "custom/ui/tags/shift-button.png",
            "ascent": 7,
            "height": 7,
            "chars": [
                "໰"
            ]
        },
        {
            "type": "bitmap",
            "file": "custom/ui/tags/punch-button.png",
            "ascent": 7,
            "height": 7,
            "chars": [
                "໱"
            ]
        },
    {
      "type": "bitmap",
      "file": "custom/emojis/emojis.png",
      "ascent": 8,
      "height": 10,
      "chars": [
        "뜀뜁뜂뜃뜄",
        "뜅뜆뜇뜈뜉",
        "뜊뜋뜌뜍뜎",
        "뜏뜐뜑뜒뜓",
        "뜔뜕뜖뜗뜘",
        "뜙뜚뜛뜜뜝",
        "뜞뜟뜠뜡뜢",
        "뜣뜤뜥뜦뜧",
        "뜨뜩뜪뜫뜬",
        "뜭뜮뜯뜰뜱",
        "뜲뜳뜴뜵뜶",
        "뜷뜸뜹뜺뜻",
        "뜼뜽뜾뜿띐",
        "띑띒띓띔띕",
        "띖띗띘띙띚",
        "띛띜띝띞띟",
        "띠띡띢띣띤",
        "띥띦띧띨띩",
        "띪띫띬띭띮",
        "띯띰띱띲띳",
        "띴띵띶띷띸"
      ]
    },	
        {
            "type": "ttf",
            "file": "minecraft:negative_spaces.ttf",
            "shift": [0.0, 0.0],
            "size": 10.0,
            "oversample": 1.0
        },
        {
            "type": "bitmap",
            "file": "minecraft:font/jeqo/battlepass/portal.png",
            "ascent": 47,
            "height": 170,
            "chars": [
                "\uEff1"
            ]
        },
        {
            "type": "bitmap",
            "file": "minecraft:font/jeqo/battlepass/daily_quests.png",
            "ascent": 47,
            "height": 170,
            "chars": [
                "\uEff2"
            ]
        },
        {
            "type": "bitmap",
            "file": "minecraft:font/jeqo/battlepass/week.png",
            "ascent": 47,
            "height": 170,
            "chars": [
                "\uEff3"
            ]
        },
        {
            "type": "bitmap",
            "file": "minecraft:font/jeqo/battlepass/quest_overview.png",
            "ascent": 47,
            "height": 170,
            "chars": [
                "\uEff4"
            ]
        },
        {
            "type": "bitmap",
            "file": "minecraft:font/jeqo/battlepass/rewards.png",
            "ascent": 47,
            "height": 170,
            "chars": [
                "\uEff5"
            ]
        },
        {
            "type": "bitmap",
            "file": "minecraft:font/jeqo/battlepass/progress_bar.png",
            "ascent": 8,
            "height": 9,
            "chars": [
                "\uEff6"
            ]
        },
        {
            "type": "bitmap",
            "file": "minecraft:font/jeqo/battlepass/bp.png",
            "ascent": 8,
            "height": 9,
            "chars": [
                "\uEff7"
            ]
        },
        {
            "type": "bitmap",
            "file": "space:font/space_split.png",
            "ascent": -32768,
            "height": -3,
            "chars": [
                "\uF801"
            ]
        },
        {
            "type": "bitmap",
            "file": "space:font/space_split.png",
            "ascent": -32768,
            "height": -4,
            "chars": [
                "\uF802"
            ]
        },
        {
            "type": "bitmap",
            "file": "space:font/space_split.png",
            "ascent": -32768,
            "height": -5,
            "chars": [
                "\uF803"
            ]
        },
        {
            "type": "bitmap",
            "file": "space:font/space_split.png",
            "ascent": -32768,
            "height": -6,
            "chars": [
                "\uF804"
            ]
        },
        {
            "type": "bitmap",
            "file": "space:font/space_split.png",
            "ascent": -32768,
            "height": -7,
            "chars": [
                "\uF805"
            ]
        },
        {
            "type": "bitmap",
            "file": "space:font/space_split.png",
            "ascent": -32768,
            "height": -8,
            "chars": [
                "\uF806"
            ]
        },
        {
            "type": "bitmap",
            "file": "space:font/space_split.png",
            "ascent": -32768,
            "height": -9,
            "chars": [
                "\uF807"
            ]
        },
        {
            "type": "bitmap",
            "file": "space:font/space_split.png",
            "ascent": -32768,
            "height": -10,
            "chars": [
                "\uF808"
            ]
        },
        {
            "type": "bitmap",
            "file": "space:font/space_split.png",
            "ascent": -32768,
            "height": -18,
            "chars": [
                "\uF809"
            ]
        },
        {
            "type": "bitmap",
            "file": "space:font/space_split.png",
            "ascent": -32768,
            "height": -34,
            "chars": [
                "\uF80A"
            ]
        },
        {
            "type": "bitmap",
            "file": "space:font/space_split.png",
            "ascent": -32768,
            "height": -66,
            "chars": [
                "\uF80B"
            ]
        },
        {
            "type": "bitmap",
            "file": "space:font/space_split.png",
            "ascent": -32768,
            "height": -130,
            "chars": [
                "\uF80C"
            ]
        },
        {
            "type": "bitmap",
            "file": "space:font/space_split.png",
            "ascent": -32768,
            "height": -258,
            "chars": [
                "\uF80D"
            ]
        },
        {
            "type": "bitmap",
            "file": "space:font/space_split.png",
            "ascent": -32768,
            "height": -514,
            "chars": [
                "\uF80E"
            ]
        },
        {
            "type": "bitmap",
            "file": "space:font/space_split.png",
            "ascent": -32768,
            "height": -1026,
            "chars": [
                "\uF80F"
            ]
        },
        {
            "type": "bitmap",
            "file": "space:font/space_split.png",
            "ascent": -65536,
            "height": -32770,
            "chars": [
                "\uF800"
            ]
        },
        {
            "type": "bitmap",
            "file": "space:font/space_split.png",
            "ascent": -32768,
            "height": 0,
            "chars": [
                "\uF821"
            ]
        },
        {
            "type": "bitmap",
            "file": "space:font/space_split.png",
            "ascent": -32768,
            "height": 1,
            "chars": [
                "\uF822"
            ]
        },
        {
            "type": "bitmap",
            "file": "space:font/space_split.png",
            "ascent": -32768,
            "height": 2,
            "chars": [
                "\uF823"
            ]
        },
        {
            "type": "bitmap",
            "file": "space:font/space_split.png",
            "ascent": -32768,
            "height": 3,
            "chars": [
                "\uF824"
            ]
        },
        {
            "type": "bitmap",
            "file": "space:font/space_split.png",
            "ascent": -32768,
            "height": 4,
            "chars": [
                "\uF825"
            ]
        },
        {
            "type": "bitmap",
            "file": "space:font/space_split.png",
            "ascent": -32768,
            "height": 5,
            "chars": [
                "\uF826"
            ]
        },
        {
            "type": "bitmap",
            "file": "space:font/space_split.png",
            "ascent": -32768,
            "height": 6,
            "chars": [
                "\uF827"
            ]
        },
        {
            "type": "bitmap",
            "file": "space:font/space_split.png",
            "ascent": -32768,
            "height": 7,
            "chars": [
                "\uF828"
            ]
        },
        {
            "type": "bitmap",
            "file": "space:font/space_split.png",
            "ascent": -32768,
            "height": 15,
            "chars": [
                "\uF829"
            ]
        },
        {
            "type": "bitmap",
            "file": "space:font/space_split.png",
            "ascent": -32768,
            "height": 31,
            "chars": [
                "\uF82A"
            ]
        },
        {
            "type": "bitmap",
            "file": "space:font/space_split.png",
            "ascent": -32768,
            "height": 63,
            "chars": [
                "\uF82B"
            ]
        },
        {
            "type": "bitmap",
            "file": "space:font/space_split.png",
            "ascent": -32768,
            "height": 127,
            "chars": [
                "\uF82C"
            ]
        },
        {
            "type": "bitmap",
            "file": "space:font/space_split.png",
            "ascent": -32768,
            "height": 255,
            "chars": [
                "\uF82D"
            ]
        },
        {
            "type": "bitmap",
            "file": "space:font/space_split.png",
            "ascent": -32768,
            "height": 511,
            "chars": [
                "\uF82E"
            ]
        },
        {
            "type": "bitmap",
            "file": "space:font/space_split.png",
            "ascent": -32768,
            "height": 1023,
            "chars": [
                "\uF82F"
            ]
        },
        {
            "type": "bitmap",
            "file": "space:font/space_split.png",
            "ascent": -65536,
            "height": 32767,
            "chars": [
                "\uF820"
            ]
        },
        {
            "type": "bitmap",
            "file": "space:font/space_nosplit.png",
            "ascent": -32768,
            "height": -3,
            "chars": [
                "\uF811"
            ]
        },
        {
            "type": "bitmap",
            "file": "space:font/space_nosplit.png",
            "ascent": -32768,
            "height": -4,
            "chars": [
                "\uF812"
            ]
        },
        {
            "type": "bitmap",
            "file": "space:font/space_nosplit.png",
            "ascent": -32768,
            "height": -5,
            "chars": [
                "\uF813"
            ]
        },
        {
            "type": "bitmap",
            "file": "space:font/space_nosplit.png",
            "ascent": -32768,
            "height": -6,
            "chars": [
                "\uF814"
            ]
        },
        {
            "type": "bitmap",
            "file": "space:font/space_nosplit.png",
            "ascent": -32768,
            "height": -7,
            "chars": [
                "\uF815"
            ]
        },
        {
            "type": "bitmap",
            "file": "space:font/space_nosplit.png",
            "ascent": -32768,
            "height": -8,
            "chars": [
                "\uF816"
            ]
        },
        {
            "type": "bitmap",
            "file": "space:font/space_nosplit.png",
            "ascent": -32768,
            "height": -9,
            "chars": [
                "\uF817"
            ]
        },
        {
            "type": "bitmap",
            "file": "space:font/space_nosplit.png",
            "ascent": -32768,
            "height": -10,
            "chars": [
                "\uF818"
            ]
        },
        {
            "type": "bitmap",
            "file": "space:font/space_nosplit.png",
            "ascent": -32768,
            "height": -18,
            "chars": [
                "\uF819"
            ]
        },
        {
            "type": "bitmap",
            "file": "space:font/space_nosplit.png",
            "ascent": -32768,
            "height": -34,
            "chars": [
                "\uF81A"
            ]
        },
        {
            "type": "bitmap",
            "file": "space:font/space_nosplit.png",
            "ascent": -32768,
            "height": -66,
            "chars": [
                "\uF81B"
            ]
        },
        {
            "type": "bitmap",
            "file": "space:font/space_nosplit.png",
            "ascent": -32768,
            "height": -130,
            "chars": [
                "\uF81C"
            ]
        },
        {
            "type": "bitmap",
            "file": "space:font/space_nosplit.png",
            "ascent": -32768,
            "height": -258,
            "chars": [
                "\uF81D"
            ]
        },
        {
            "type": "bitmap",
            "file": "space:font/space_nosplit.png",
            "ascent": -32768,
            "height": -514,
            "chars": [
                "\uF81E"
            ]
        },
        {
            "type": "bitmap",
            "file": "space:font/space_nosplit.png",
            "ascent": -32768,
            "height": -1026,
            "chars": [
                "\uF81F"
            ]
        },
        {
            "type": "bitmap",
            "file": "space:font/space_nosplit.png",
            "ascent": -65536,
            "height": -32770,
            "chars": [
                "\uF810"
            ]
        },
        {
            "type": "bitmap",
            "file": "space:font/space_nosplit.png",
            "ascent": -32768,
            "height": 0,
            "chars": [
                "\uF831"
            ]
        },
        {
            "type": "bitmap",
            "file": "space:font/space_nosplit.png",
            "ascent": -32768,
            "height": 1,
            "chars": [
                "\uF832"
            ]
        },
        {
            "type": "bitmap",
            "file": "space:font/space_nosplit.png",
            "ascent": -32768,
            "height": 2,
            "chars": [
                "\uF833"
            ]
        },
        {
            "type": "bitmap",
            "file": "space:font/space_nosplit.png",
            "ascent": -32768,
            "height": 3,
            "chars": [
                "\uF834"
            ]
        },
        {
            "type": "bitmap",
            "file": "space:font/space_nosplit.png",
            "ascent": -32768,
            "height": 4,
            "chars": [
                "\uF835"
            ]
        },
        {
            "type": "bitmap",
            "file": "space:font/space_nosplit.png",
            "ascent": -32768,
            "height": 5,
            "chars": [
                "\uF836"
            ]
        },
        {
            "type": "bitmap",
            "file": "space:font/space_nosplit.png",
            "ascent": -32768,
            "height": 6,
            "chars": [
                "\uF837"
            ]
        },
        {
            "type": "bitmap",
            "file": "space:font/space_nosplit.png",
            "ascent": -32768,
            "height": 7,
            "chars": [
                "\uF838"
            ]
        },
        {
            "type": "bitmap",
            "file": "space:font/space_nosplit.png",
            "ascent": -32768,
            "height": 15,
            "chars": [
                "\uF839"
            ]
        },
        {
            "type": "bitmap",
            "file": "space:font/space_nosplit.png",
            "ascent": -32768,
            "height": 31,
            "chars": [
                "\uF83A"
            ]
        },
        {
            "type": "bitmap",
            "file": "space:font/space_nosplit.png",
            "ascent": -32768,
            "height": 63,
            "chars": [
                "\uF83B"
            ]
        },
        {
            "type": "bitmap",
            "file": "space:font/space_nosplit.png",
            "ascent": -32768,
            "height": 127,
            "chars": [
                "\uF83C"
            ]
        },
        {
            "type": "bitmap",
            "file": "space:font/space_nosplit.png",
            "ascent": -32768,
            "height": 255,
            "chars": [
                "\uF83D"
            ]
        },
        {
            "type": "bitmap",
            "file": "space:font/space_nosplit.png",
            "ascent": -32768,
            "height": 511,
            "chars": [
                "\uF83E"
            ]
        },
        {
            "type": "bitmap",
            "file": "space:font/space_nosplit.png",
            "ascent": -32768,
            "height": 1023,
            "chars": [
                "\uF83F"
            ]
        },
        {
            "type": "bitmap",
            "file": "space:font/space_nosplit.png",
            "ascent": -65536,
            "height": 32767,
            "chars": [
                "\uF830"
            ]
        }
    ]
}